"DATE","TITLE","ACTIVITY"
"Jan 31, 2016 01:58","Candidates' Summary","FORTY-SECOND GENERAL ELECTION (October 19, 2015)"

SUMMARY_DATA
"Client_id","Name_of_candidate","Political_affiliation","Electoral_district","Name_of_official_agent","Number_of_contributors","Total_amount_of_contributions","Total_amount_of_loans","Total_amount_of_transfers_received","Total_amount_of_election_expenses_subject_to_limit","Election_expenses_limit","Total_of_candidates_personal_expenses","Other_expenses_and_Outflows","Name_of_auditor","Auditors_report_qualified"
"33026","Akpata, John Andrew Omowole","Marijuana Party","Ottawa Centre","Blair Longley","","","","","","","","","Rozon, Gary","N"
"30112","Albrecht, Harold","Conservative Party of Canada","Kitchener--Conestoga","Michael Ben","0","0","0","122000","120579.15","202562.28","0","30668.62","Ahier, Gordon Philip","N"
"30490","Ambrose, Rona","Conservative Party of Canada","Sturgeon River--Parkland","Dennis F Francis","93","39120","0","71000","100327.37","222470.71","703.65","4197.34","Rozon, Gary A.","N"
"33173","Amos, David Raymond","Independent","Fundy Royal","Madeline Estey Webb","","","","","","","","","Boudreau, Andrew","N"
"32873","Anstey, Harvey Edward","Canadian Action Party","Wellington--Halton Hills","Brenda Lee Anstey","","","","","","","","","Rozon, Gary","N"
"30514","Askin, Peggy","Marxist-Leninist Party of Canada","Calgary Midnapore","Hélène Héroux","","","","","","","","","Lavoie, Sylvain","N"
"30238","Aspin, Jay","Conservative Party of Canada","Nipissing--Timiskaming","Roger Courchaine","55","13505.42","0","110000","90142.78","218149.29","0","1068.63","Rozon, Gary Andrew","N"
"30596","Audet, Jean-Raymond","Independent","Sudbury","Dwight McLean","","","","","","","","","Manickam, Nara","N"
"30568","Baetz, Elaine","Marxist-Leninist Party of Canada","Kitchener South--Hespeler","Hélène Héroux","","","","","","","","","Lavoie, Sylvain","N"
"32878","Baldasaro, Michael James","Marijuana Party","Hamilton Centre","Blair Longley","","","","","","","","","Rozon, Gary","N"
"29712","Balkissoon, Dev","Conservative Party of Canada","Ottawa South","Peter H Foulger","76","12764","0","88100","89623.57","225034.63","3142.16","3216.95","Rozon, Gary","N"
"30798","Barker, Martin","Conservative Party of Canada","Cowichan--Malahat--Langford","Brian Mede","36","11639.86","0","61400","76583.03","214942.07","1285.84","5393.54","Rozon, Gary","N"
"32690","Beauséjour, Audrey","Bloc Québécois","Honoré-Mercier","Micheline Bergeron","0","0","0","15233.91","12795.65","213214.66","362.38","2075.88","Doyon, Louis","N"
"30924","Bédard, Jean-Paul","Marxist-Leninist Party of Canada","Saint-Maurice--Champlain","Hélène Héroux","","","","","","","","","Lavoie, Sylvain","N"
"30390","Bell, Jim","Conservative Party of Canada","Kildonan--St. Paul","Kaz Malkiewicz","51","17725","0","59500","78441.11","196949.8","0","300","Pinchin, Rick","N"
"30365","Bernardo, Beverly","No Affiliation","Papineau","John Steele","","","","","943.66","213091.49","","","Lavoie, Sylvain","N"
"32797","Bernier, Gabriel","Bloc Québécois","Lac-Saint-Louis","Micheline Bergeron","0","0","0","4391.97","4317.92","224522.81","100","0","Doyon, Louis","N"
"29735","Bernier, Maxime","Conservative Party of Canada","Beauce","Aline Drouin","117","25750","0","125166.03","140742.26","224222.11","5682.79","4955.74","Grondin, Jasmin","N"
"32708","Bezanson, Allan","Marxist-Leninist Party of Canada","Halifax","Hélène Héroux","","","","","","","","","Lavoie, Sylvain","N"
"30229","Bigland-Pritchard, Mark","Green Party of Canada","Saskatoon--Grasswood","Penny Swartz","0","0","0","3000","2839.31","194681.77","148.34","1","Campbell, Stacey","N"
"30758","Biley, Barbara","Marxist-Leninist Party of Canada","Courtenay--Alberni","Hélène Héroux","","","","","","","","","Lavoie, Sylvain","N"
"30438","Blanchard, Daniel","Marxist-Leninist Party of Canada","Calgary Skyview","Hélène Héroux","","","","","","","","","Lavoie, Sylvain","N"
"32812","Bossé Bélanger, Jade","Bloc Québécois","Mount Royal","Micheline Bergeron","0","0","0","198.94","198.94","207183.11","0","0","Doyon, Louis","N"
"30916","Boylan, Charles","Marxist-Leninist Party of Canada","Vancouver South","Hélène Héroux","","","","","","","","","Lavoie, Sylvain","N"
"30622","Breton, Yvon","Marxist-Leninist Party of Canada","Laval--Les Îles","Hélène Héroux","","","","","","","","","Lavoie, Sylvain","N"
"30398","Brunelle, Claude","Marxist-Leninist Party of Canada","Bourassa","Hélène Héroux","","","","","","","","","Lavoie, Sylvain","N"
"29655","Burger, Patrick","New Democratic Party","Stormont--Dundas--South Glengarry","Elaine MacDonald","33","6065","0","16000","18573.24","212960.34","90.4","3401.36","Nayman, Bernard","N"
"33195","Campbell, Gordon","No Affiliation","Cariboo--Prince George","Jason Campbell","","","","","","","","","Gaboury, Theresa","N"
"30430","Cannan, Ron","Conservative Party of Canada","Kelowna--Lake Country","Lorne David Beloud","","","","76970.96","75299.16","228718.18","1205.76","","Rozon, Gary","N"
"29786","Carignan Deschamps, Sacki","Bloc Québécois","Saint-Maurice--Champlain","Jean-Guy Mercier","","","","","33394.83","269923.91","960.89","","Camirand, Stèphane","N"
"30387","Carter, Roger","Marxist-Leninist Party of Canada","Beaches--East York","Hélène Héroux","","","","","","","","","Lavoie, Sylvain","N"
"32474","Casselman, Laura","New Democratic Party","Scarborough--Guildwood","Michael F Bunce","21","2800","0","12281.54","15343.81","198726.79","936.12","0","Nayman, Bernard G.","N"
"32440","Chapman, Carol-Lee","Marxist-Leninist Party of Canada","West Vancouver--Sunshine Coast--Sea to Sky Country","Hélène Héroux","","","","","","","","","Lavoie, Sylvain","N"
"30589","Chénier, Pierre","Marxist-Leninist Party of Canada","Longueuil--Charles-LeMoyne","Hélène Héroux","","","","","","","","","Lavoie, Sylvain","N"
"30593","Chénier, Stéphane","Marxist-Leninist Party of Canada","Rosemont--La Petite-Patrie","Hélène Héroux","","","","","","","","","Lavoie, Sylvain","N"
"30388","Chesnik, Laura","Marxist-Leninist Party of Canada","Windsor--Tecumseh","Hélène Héroux","","","","","","","","","Lavoie, Sylvain","N"
"30512","Chilelli, Frank","Marxist-Leninist Party of Canada","Brampton Centre","Hélène Héroux","","","","","","","","","Lavoie, Sylvain","N"
"32753","Chiu, Vincent","Green Party of Canada","Richmond Centre","Theodore M Tadeson","0","0","0","5000","2372.74","202743.02","92.33","3.9","Miles, Chris","N"
"30394","Chouinard, Normand","Marxist-Leninist Party of Canada","La Prairie","Hélène Héroux","","","","","","","","","Lavoie, Sylvain","N"
"30404","Chow, Olivia","New Democratic Party","Spadina--Fort York","Edward W Cronau","178","53281.66","0","120525","157112.21","207037.56","1684.98","20505.67","Nayman, Bernard","N"
"30022","Clark, Myrna","New Democratic Party","Barrie--Innisfil","Geoff H Holland","31","5680.96","0","16155.5","20705.84","209977.36","501.43","714.74","Nayman, Bernard","N"
"32472","Clarke, Kevin","Independent","Scarborough--Guildwood","Dwight McLean","","","","","","","","","Manickam, Nara","N"
"29626","Cole, Jason","Conservative Party of Canada","Dartmouth--Cole Harbour","James W David","54","13038","0","36000","52353.5","205945.13","2267.99","1143.01","Strange, Greg","N"
"33164","Coulbeck, Paul","Marijuana Party","Scarborough--Guildwood","Denese Coulbeck","","","","","","","","","Rozon, Gary","N"
"30733","Coutinho, Jude","Christian Heritage Party of Canada","Scarborough--Agincourt","Ivor Anton Melville Patterson","4","700","0","0","621.16","203566.74","0","0","Perera, Henry Anthony","N"
"30574","Couto, Manuel","Marxist-Leninist Party of Canada","Cambridge","Hélène Héroux","","","","","","","","","Lavoie, Sylvain","N"
"29889","Crockatt, Joan","Conservative Party of Canada","Calgary Centre","Wayne Steer","1","500","0","137490.01","140469.56","222181.2","204.23","0","Rozon, Gary Andrew","N"
"32836","Curry, Hugh","New Democratic Party","Kings--Hants","Judy Swift","11","3195","0","15895.5","15831.09","200775.69","359.91","1186.38","Morse, Brad","N"
"30604","Dandenault, Christine","Marxist-Leninist Party of Canada","Hochelaga","Hélène Héroux","","","","","","","","","Lavoie, Sylvain","N"
"30440","De Mello, Tanya","New Democratic Party","Etobicoke Centre","Anderson G Capelin","351","46794.06","0","45602.43","86715.88","226574.91","0","1551","Nayman, Bernard","N"
"32448","Deschamps, Fernand","Marxist-Leninist Party of Canada","Saint-Laurent","Hélène Héroux","","","","","","","","","Lavoie, Sylvain","N"
"30305","Di Carlo, Anna","Marxist-Leninist Party of Canada","Etobicoke North","Hélène Héroux","","","","","","","","","Lavoie, Sylvain","N"
"30569","Dostaler, Guy","Green Party of Canada","Gatineau","Josée Lamoureux","1","688.22","0","63.71","639.67","221893.3","113.28","6.74","Campbell, Stacey","N"
"30504","Dumas-Dubreuil, Pascal-Olivier","Bloc Québécois","Saint-Laurent","Micheline Bergeron","0","0","0","12014.99","12014.99","202992.54","0","0","Doyon, Louis M.","N"
"33199","Dussault, Alexander","Libertarian Party of Canada","Edmonton West","Barbara A Dussault","3","400","0","0","361.62","213830.45","0","0","Blais, Stéphane","N"
"33003","East, Jack","Marxist-Leninist Party of Canada","Nanaimo--Ladysmith","Hélène Héroux","","","","","","","","","Lavoie, Sylvain","N"
"29715","Ettinger, Wayne","Green Party of Canada","Haldimand--Norfolk","William H Hurkmans","2","1100","0","15400","12277.23","219180.63","4100.5","12","Campbell, Stacey","N"
"29713","Faerber, Ram","Independent","Barrie--Springwater--Oro-Medonte","Marzena Faerber","3","1373.95","0","0","1353.95","207773.31","0","0","Campbell, Stacey","N"
"30332","Fernandez, Philip","Marxist-Leninist Party of Canada","Toronto Centre","Hélène Héroux","","","","","","","","","Lavoie, Sylvain","N"
"32483","Fields, Wendell","Marxist-Leninist Party of Canada","Hamilton East--Stoney Creek","Hélène Héroux","","","","","","","","","Lavoie, Sylvain","N"
"32818","Fiorito, Vince","Green Party of Canada","Burlington","James L Feilders","7","1285","0","500","1631.97","239840.79","63.38","14.85","Campbell, Stacey","N"
"30718","Fournier, Normand","Marxist-Leninist Party of Canada","Québec","Hélène Héroux","","","","","","","","","Lavoie, Sylvain","N"
"30997","Fuhr, Roger","No Affiliation","Perth--Wellington","Shelly Normand","","","","","28","208635.42","199","","Johns, David George","N"
"32461","Galland Barou, Roger","Bloc Québécois","Outremont","Micheline Bergeron","0","0","0","7646.02","6959.3","204392.07","686.72","0","Doyon, Louis","N"
"30687","Gauthier, Érick","Conservative Party of Canada","Rivière-des-Mille-Îles","Diane Laframboise","1","1500","0","32800","31082.28","217630.75","1238.82","2470.42","Côté, Paul","N"
"32584","Gendron, Steeve","Bloc Québécois","Saint-Léonard--Saint-Michel","Micheline Bergeron","0","0","0","3563.19","3194.52","209748.64","368.67","0","Doyon, Louis","N"
"30488","Gershuny, David","Marxist-Leninist Party of Canada","Oshawa","Hélène Héroux","","","","","","","","","Lavoie, Sylvain","N"
"30591","Gershuny, Lorne","Marxist-Leninist Party of Canada","Parkdale--High Park","Hélène Héroux","","","","","","","","","Lavoie, Sylvain","N"
"29853","Giesbrecht, Gordon","Conservative Party of Canada","Winnipeg South","Ronald Hesford","60","10403","","124830","130109.13","198589.24","","1000","Pinchin, Rick","N"
"32932","Gilbert, Yoland","Green Party of Canada","Repentigny","Christine Gilbert","","","","","","","","","Campbell, Stacey","N"
"33074","Girard-Bernier, Gabriel","Marxist-Leninist Party of Canada","Hull--Aylmer","Hélène Héroux","","","","","","","","","Lavoie, Sylvain","N"
"30074","Godin, Joël","Conservative Party of Canada","Portneuf--Jacques-Cartier","jean simard","27","11390","0","83460","73546.09","227576.17","7954.25","1100","Jacques, Marco","N"
"32796","Gray, Brian","Independent","South Okanagan--West Kootenay","Martha Ruth Manuel","","","","","","","","","Rozon, Gary","N"
"32870","Hansell, Judson","Green Party of Canada","Calgary Forest Lawn","DIANA JARAMILLO MARTINEZ","4","650","0","1838.71","2422.51","207423.03","0","0","Campbell, Stacey","N"
"30781","Harris, Darnel","New Democratic Party","Humber River--Black Creek","Janelle Baptiste-Brady","14","4485","","","3300.93","196402.78","676.83","757.24","Nayman, Bernard","N"
"29733","Harrop, Brandie","Green Party of Canada","Sherwood Park--Fort Saskatchewan","alastair j.p. hamlyn","27","1095.25","0","5264.23","4046.57","228934.1","2176.44","323.09","Campbell, Stacey","N"
"29968","Hassan, Faisal","New Democratic Party","Etobicoke North","Barrington Marsh","38","17840","0","24523.64","37821.55","201932.1","0","6225.93","Nayman, Bernard","N"
"30221","Hayes, Bryan","Conservative Party of Canada","Sault Ste. Marie","Jo-Anne L Brooks","22","6804","0","125369.6","115261.16","198539.65","90.39","1283.28","Ruscio, Joseph Anthony","N"
"32934","Haythornthwaite, Alastair","Marxist-Leninist Party of Canada","Cowichan--Malahat--Langford","Hélène Héroux","","","","","","","","","Lavoie, Sylvain","N"
"32450","Heaton, Sam","Marxist-Leninist Party of Canada","Ottawa West--Nepean","Hélène Héroux","","","","","","","","","Lavoie, Sylvain","N"
"33256","Hiebert, Eduard Walter","Independent","Kildonan--St. Paul","Menno H Enns","3","1200","0","0","253.54","196949.8","943.01","0","Hildebrand, David","N"
"30766","Hill, Michael","Marxist-Leninist Party of Canada","Vancouver Centre","Hélène Héroux","","","","","","","","","Lavoie, Sylvain","N"
"32576","Hoffman, Rachel","Marxist-Leninist Party of Canada","Notre-Dame-de-Grâce--Westmount","Hélène Héroux","","","","","","","","","Lavoie, Sylvain","N"
"30194","Hollett, Jennifer","New Democratic Party","University--Rosedale","Bruno Marchese","68","13028.32","0","144735.91","155181.47","206261.82","326.87","3973.37","Nayman, Bernard","N"
"32935","Huberdeau, Benoit","Independent","Sherbrooke","Marie-Josée Dubois","","","","","","","","","Simard, Mario","N"
"30635","Hunter, Kevan","Marxist-Leninist Party of Canada","Calgary Confederation","Hélène Héroux","","","","","","","","","Lavoie, Sylvain","N"
"30655","Ichim, Julian","Marxist-Leninist Party of Canada","Kitchener Centre","Hélène Héroux","","","","","","","","","Lavoie, Sylvain","N"
"30644","Jamieson, Anne","Marxist-Leninist Party of Canada","Vancouver East","Hélène Héroux","","","","","","","","","Lavoie, Sylvain","N"
"30926","Janssen, Roelof","Christian Heritage Party of Canada","Fort McMurray--Cold Lake","Theresa E Janssen","24","12875","0","155.6","9797.73","260378.41","3143.45","750.92","Mulder, Bert","N"
"32564","Jensen, Leon","Liberal Party of Canada","Langley--Aldergrove","Catherine Gagnon","16","147.3","3000","26409.43","12700.02","217657.94","1273.89","6560.95","Mau, Diana","N"
"32516","Johnston, Diane","Marxist-Leninist Party of Canada","Mount Royal","Hélène Héroux","","","","","","","","","Lavoie, Sylvain","N"
"30278","Jonker, Harold","Christian Heritage Party of Canada","Niagara West","COREEN WIERENGA","19","8075","0","14289.38","21772.1","202783.01","0","0","Campbell, Stacey","N"
"30595","Joyce, Mary","Marxist-Leninist Party of Canada","Edmonton Griesbach","Hélène Héroux","","","","","","","","","Lavoie, Sylvain","N"
"30672","Kao, Elvin","Green Party of Canada","Markham--Unionville","Hugh A de Souza","6","1085","0","4520.83","4322.49","218774.36","123.45","255.33","Manickam, Nara","N"
"30025","Kelly, Yvonne","New Democratic Party","Newmarket--Aurora","Christine Fancie","29","6785","0","22333.4","21163.04","219830","500","7764.21","Nayman, Bernard","N"
"30510","Khatoon, Aasia","Independent","Scarborough North","Rehman-Ullah Khan","5","1395","0","0","1724.47","199432.15","71.53","0","Syed, Sabeeh","N"
"30992","Kittredge, John","Libertarian Party of Canada","Don Valley West","Carol Lynn Kittredge","1","202","10","","202","203797.06","","10","Edmonds, Ian","N"
"32816","Klevering, Kornelis","Marijuana Party","Guelph","Blair Longley","","","","","","","","","Rozon, Gary","N"
"30073","Knorren, Taryn","Green Party of Canada","Calgary Signal Hill","James A MacDonald","5","1200","0","2680","3474.13","222240.38","251.43","142.37","Campbell, Stacey","N"
"30767","Kunschner, Zoe","New Democratic Party","Oxford","Aaron A MacDonald","37","5795.96","0","19553.05","23968.32","220586.55","692.24","688.45","Nayman, Bernard","N"
"30519","Lachapelle, Serge","Marxist-Leninist Party of Canada","Laurier--Sainte-Marie","Hélène Héroux","","","","","","","","","Lavoie, Sylvain","N"
"30391","Laird, David","New Democratic Party","Burlington","Richard A Chislett","90","22833.19","0","0","28503.64","239840.79","127","3186.6","Nayman, Bernard G.","N"
"33123","Lamarche, Audrey","Green Party of Canada","Argenteuil--La Petite-Nation","Amy N/A Lamarche","3","840","0","0","839.35","213069.11","0","0","Campbell, Stacey","N"
"30801","Lang, Louis","Marxist-Leninist Party of Canada","Pontiac","Hélène Héroux","","","","","","","","","Lavoie, Sylvain","N"
"32578","Laplante, Natalie","Bloc Québécois","Pierrefonds--Dollard","Micheline Bergeron","0","0","0","3075.01","2860.59","223535.94","214.42","0","Doyon, Louis","N"
"30525","Le Seigle, Yves","Marxist-Leninist Party of Canada","Honoré-Mercier","Hélène Héroux","","","","","","","","","Lavoie, Sylvain","N"
"29686","Leclerc, Mario","Green Party of Canada","Longueuil--Charles-LeMoyne","Guylaine Demers","1","3025","","3000","6229.28","221291.91","249.34","12","Campbell, Stacey","N"
"29838","Leef, Ryan","Conservative Party of Canada","Yukon","Michael J Lauer","2","400","0","179983.8","179155.51","210779.3","1143.62","38459.77","Rozon, Gary Andrew","N"
"30882","Legeais, Christian","Marxist-Leninist Party of Canada","Ottawa--Vanier","Hélène Héroux","","","","","","","","","Lavoie, Sylvain","N"
"33084","Lepone, Stephen","Libertarian Party of Canada","York South--Weston","Lori Lepone","1","202","","","202","203875.44","","","Edmonds, Ian","N"
"30386","Lin, Nick","Marxist-Leninist Party of Canada","Spadina--Fort York","Hélène Héroux","","","","","","","","","Lavoie, Sylvain","N"
"30731","MacDonald, Dougal","Marxist-Leninist Party of Canada","Edmonton Strathcona","Hélène Héroux","","","","","","","","","Lavoie, Sylvain","N"
"30929","MacKay, David","Marxist-Leninist Party of Canada","Abbotsford","Hélène Héroux","","","","","","","","","Lavoie, Sylvain","N"
"32813","MacKenzie, Alexander J.","Independent","Central Nova","Susan Jane Halfyard","","","","","","","","","Craig, Brian Crawford","N"
"32538","Macrisopoulos, Peter","Marxist-Leninist Party of Canada","Papineau","Hélène Héroux","","","","","","","","","Lavoie, Sylvain","N"
"32566","Malek, Arezki","Marxist-Leninist Party of Canada","Saint-Léonard--Saint-Michel","Hélène Héroux","","","","","","","","","Lavoie, Sylvain","N"
"32830","Malouin-Diraddo, Genevieve","Green Party of Canada","Glengarry--Prescott--Russell","Heather Anderson-Malouin","2","1158.66","0","0","156.86","223399.99","990.22","11.58","Campbell, Stacey","N"
"30223","Matthews, David","New Democratic Party","Simcoe--Grey","Paul J Fleming","25","2560","0","6559.91","5106.83","242062.43","1760","2663.08","Nayman, Bernard","N"
"32528","McCallum, John","Liberal Party of Canada","Markham--Thornhill","Pierre Bocti","1","7","0","119362.68","81558.04","203953.81","5830.6","17539.57","Campbell, Stacey","N"
"30056","McCarthy, Dan","New Democratic Party","Renfrew--Nipissing--Pembroke","Christopher J Tanner","25","14316.84","0","18563","29224.75","223209.96","2993","1278.74","Nayman, Bernard","N"
"29994","McCauley, Kelly","Conservative Party of Canada","Edmonton West","Dennis F Francis","89","19981","0","101000","106923.86","213830.45","311.89","6404.1","Rozon, Gary Andrew","N"
"30983","McFadzean, Robert George","Libertarian Party of Canada","Lakeland","Marit S McFadzean","2","4172.67","0","0","1653.97","242495.35","2518.7","0","Edmonds, Ian","N"
"30077","McFall, Mary Jean","Liberal Party of Canada","Leeds-Grenville-Thousand Islands and Rideau Lakes","Stephen Mazurek","264","48562.35","0","72894.96","112323.79","213643.31","149.83","6255.33","Mazurek, Marisha","N"
"32449","McKillop, Ember C.","Green Party of Canada","Kenora","McKillop J Timothy","2","275.75","0","400","552.95","227087.75","106.67","8","Campbell, Stacey","N"
"32706","Miscione, Melissa","Green Party of Canada","Saint-Léonard--Saint-Michel","Pietro PP Polifroni","0","0","0","150","19","209748.64","0","9.5","Campbell, Stacey","N"
"32682","Montgomery, Mike","Green Party of Canada","Sackville--Preston--Chezzetcook","Sonya L D'Arcy","1","409.93","0","1500","1127.68","201426.67","138","644.25","Campbell, Stacey","N"
"30713","Moreau, Claude","Marxist-Leninist Party of Canada","Beauport--Limoilou","Hélène Héroux","","","","","","","","","Lavoie, Sylvain","N"
"29881","Morrison, Skip","New Democratic Party","Sault Ste. Marie","Sheila J Aho","108","21840","0","49521.45","59576.6","198539.65","2491.65","9355.44","Nayman, Bernard","N"
"30263","Morse, David","Conservative Party of Canada","Kings--Hants","Kevin MacDonald","21","9330","0","73982.24","78555.76","200775.69","0","591.49","Morse, Brad","N"
"30632","Morton, Peggy","Marxist-Leninist Party of Canada","Edmonton West","Hélène Héroux","","","","","","","","","Lavoie, Sylvain","N"
"32889","Mulligan, Sean J.","Christian Heritage Party of Canada","Hull--Aylmer","Sheila M Dawson-Knight","24","6020","2302","0","5299.81","213352.22","243.27","4554.85","Campbell, Stacey","N"
"30228","Murray, Janice","Marxist-Leninist Party of Canada","Etobicoke--Lakeshore","Hélène Héroux","","","","","","","","","Lavoie, Sylvain","N"
"30331","Murray, Mike","Conservative Party of Canada","Pitt Meadows--Maple Ridge","Mark Bogdanovich","61","21780.32","0","0","105589.56","204873.5","880.05","1740.73","Rozon, Gary","N"
"30764","Naqvi, Ali","New Democratic Party","Mississauga East--Cooksville","Anwar Naqvi","49","20000","13000","11897.52","34143.24","217661.14","2228.33","17968.18","Nayman, Bernard","N"
"30494","Nugent, Christine","Marxist-Leninist Party of Canada","Humber River--Black Creek","Hélène Héroux","","","","","","","","","Lavoie, Sylvain","N"
"30462","Núñez Melo, José","Green Party of Canada","Vimy","Manon Trudeau","0","0","4500","37333.33","22013.37","224722.74","60","19871.2","Campbell, Stacey","N"
"30273","Obhrai, Deepak","Conservative Party of Canada","Calgary Forest Lawn","Kenneth H Walker","124","55951.42","0","47000","100352.9","207423.03","745.03","317.54","Verma, Veena","N"
"30772","O'Donnell, Dorothy-Jean","Marxist-Leninist Party of Canada","Chilliwack--Hope","Hélène Héroux","","","","","","","","","Lavoie, Sylvain","N"
"29792","Oliver, Joe","Conservative Party of Canada","Eglinton--Lawrence","Larry Babins","29","11595","0","186000","181796.3","210250.86","0","3337.17","Seto, Ben","N"
"30977","Paquette, Gilbert","Bloc Québécois","LaSalle--Émard--Verdun","Micheline Bergeron","1","5000","0","38866.95","46769.98","221667.78","0","96.97","Doyon, Louis","N"
"30742","Parker, Terry","Marijuana Party","Parkdale--High Park","Blair Longley","","","","","","","","","Rozon, Gary","N"
"32552","Peltier, Nicole","Green Party of Canada","Nipissing--Timiskaming","Wayne J Bieman","2","500","0","2800","2604.02","218149.29","0","0","Campbell, Stacey","N"
"30906","Petersen, Donna","Marxist-Leninist Party of Canada","Vancouver Kingsway","Hélène Héroux","","","","","","","","","Lavoie, Sylvain","N"
"29748","Plamondon, Louis","Bloc Québécois","Bécancour--Nicolet--Saurel","Jean-Guy Pelletier","0","0","0","137000","130431.63","213094.7","6133.22","172.23","St-Germain, Yvan","N"
"30191","Polifroni, Danny","Green Party of Canada","Papineau","Pietro PP Polifroni","0","0","0","213.71","82.71","213091.49","0","9.5","Campbell, Stacey","N"
"29706","Purcarus, Gabriel","Conservative Party of Canada","Alfred-Pellan","Lucia Craciun","7","1400","","8600","8181.47","212592.47","1756.96","11.08","Côté, Paul","N"
"32760","Quesnel, Simon","Bloc Québécois","Notre-Dame-de-Grâce--Westmount","Micheline Bergeron","0","0","0","2358.94","2358.94","214383.86","0","0","Doyon, Louis","N"
"32618","Reddy, Ed","Green Party of Canada","Calgary Skyview","Heather McRae","1","250","","700","682.5","206487.35","","118.31","Campbell, Stacey","N"
"29695","Richards, Blake","Conservative Party of Canada","Banff--Airdrie","William W. Stevenson","33","10032.5","0","80000","89381.15","243369.66","1801.22","728.13","Rozon, Gary Andrew","N"
"30978","Rivier, Marlene","New Democratic Party","Ottawa West--Nepean","Daniel J O'Hagan","54","13451","0","70000","48825.54","219678.06","0","34920.9","Nayman, Bernard","N"
"30651","Roman, Marvin","Marxist-Leninist Party of Canada","London North Centre","Hélène Héroux","","","","","","","","","Lavoie, Sylvain","N"
"30253","Romanado, Sherry","Liberal Party of Canada","Longueuil--Charles-LeMoyne","Claudine Ranger Morgan","5","2849","0","16000","26644.67","221291.91","853.16","115.65","Kobas, Nermin","N"
"30513","Royer, Geneviève","Marxist-Leninist Party of Canada","La Pointe-de-l'Île","Hélène Héroux","","","","","","","","","Lavoie, Sylvain","N"
"33065","Russell, Joshua","Green Party of Canada","Markham--Thornhill","Peter F. O'Brien","","","","","","","","","Campbell, Stacey","N"
"30625","Rutchinski, Steve","Marxist-Leninist Party of Canada","University--Rosedale","Hélène Héroux","","","","","","","","","Lavoie, Sylvain","N"
"30232","Sach, Randall","Green Party of Canada","Beaches--East York","Robin Green","42","4588.4","0","4000","3691.94","208561.84","608.66","420","Campbell, Stacey","N"
"30792","Seed, Tony","Marxist-Leninist Party of Canada","Nepean","Hélène Héroux","","","","","","","","","Lavoie, Sylvain","N"
"32997","Shaw, Laura-Leah","Green Party of Canada","Steveston--Richmond East","Carrie McLaren","1","60.7","0","4500","1891.69","204726.35","0","1719.2","Campbell, Stacey","N"
"30923","Shaw, Matt","Liberal Party of Canada","Prince George--Peace River--Northern Rockies","Joanne Kathleen Shaw","","","","","4435.09","260780.28","3932.11","3039.44","Mau, Diana","N"
"30139","Shields, Martin","Conservative Party of Canada","Bow River","Norman Gerestein","30","12485.05","0","100000","81043.08","229883.88","4901.85","0","Rozon, Gary","N"
"29675","Shory, Devinder","Conservative Party of Canada","Calgary Skyview","MARY MARGARET BERGERON","88","91625","0","24850","109344.1","206487.35","2098.49","1521.75","Pullen, M.Jay","N"
"30122","Smith, Adam","Green Party of Canada","Winnipeg South","Erica Christie","6","845.45","0","127.34","837.96","198589.24","134.83","101","Campbell, Stacey","N"
"30660","Smith, Albert Gray","Marxist-Leninist Party of Canada","Parry Sound--Muskoka","Hélène Héroux","","","","","","","","","Lavoie, Sylvain","N"
"32685","Soublière, Pierre","Marxist-Leninist Party of Canada","Gatineau","Hélène Héroux","","","","","","","","","Lavoie, Sylvain","N"
"30738","Sproule, Brian","Marxist-Leninist Party of Canada","Burnaby North--Seymour","Hélène Héroux","","","","","","","","","Lavoie, Sylvain","N"
"30774","Starbuck, Dave","Marxist-Leninist Party of Canada","Nickel Belt","Hélène Héroux","","","","","","","","","Lavoie, Sylvain","N"
"29989","Ste-Marie, Caroline","Conservative Party of Canada","Chicoutimi--Le Fjord","Richard Gaudreault","","","","27150","33846.47","201130.77","1318.82","8576.49","Pageau, Yvan","N"
"29694","St-Hilaire, Daniel","Bloc Québécois","Alfred-Pellan","Louise Maheu","50","8700","4000","39315","39790.52","212592.47","1004.82","5725.16","Paquet, Chantal","N"
"30466","Stubbs, Shannon","Conservative Party of Canada","Lakeland","Sheryl I Lazaruk","363","38080.15","0","66500","95439.55","242495.35","2621.54","9962.41","Rozon, Gary Andrew","N"
"30336","Sullivan, Dagmar","Marxist-Leninist Party of Canada","Mississauga--Lakeshore","Hélène Héroux","","","","","","","","","Lavoie, Sylvain","N"
"30933","Sullivan, Linda","Marxist-Leninist Party of Canada","Châteauguay--Lacolle","Hélène Héroux","","","","","","","","","Lavoie, Sylvain","N"
"30329","Sullivan, Tim","Marxist-Leninist Party of Canada","Mississauga East--Cooksville","Hélène Héroux","","","","","","","","","Lavoie, Sylvain","N"
"32986","Swanston, Matthew","Libertarian Party of Canada","Steveston--Richmond East","Ken Swanston","","","","","","","","","Cahill, Jordan","N"
"29875","Tabasinejad, Pouyan","New Democratic Party","Willowdale","Brian McLean","27","3925","0","3750","6678.16","207725.33","843.83","143.1","Nayman, Bernard","N"
"30799","Taffarel, Mike","Marxist-Leninist Party of Canada","Sault Ste. Marie","Hélène Héroux","","","","","","","","","Lavoie, Sylvain","N"
"32895","Tessari, Wyatt","Green Party of Canada","Burnaby South","Carrie McLaren","2","1600","0","2772.3","790.18","207659.75","98.2","3188.75","Campbell, Stacey","N"
"30747","Theriault, Joseph","Marxist-Leninist Party of Canada","New Westminster--Burnaby","Hélène Héroux","","","","","","","","","Lavoie, Sylvain","N"
"29710","Thind, Sucha","Conservative Party of Canada","Surrey Centre","Gerald B Lamb","171","37631.8","0","63000","95533.27","203771.47","0","7117.52","Rozon, Gary","N"
"30299","Toubis, Konstantin","Conservative Party of Canada","King--Vaughan","Lilia Mchumor","38","26700","36800","68000","148098.63","222565.07","1061.07","11193.42","Edmonds, Ian","N"
"33165","Turmel, The Engineer","Independent","Brantford--Brant","David Michael Swanson","","","","","","","","","Campbell, Stacey","N"
"32887","Twohig, Edd","Independent","Kings--Hants","Ronald W Hobbs","4","1896.53","0","0","1070.96","200775.69","742.8","82.77","Bustin, Gerald Reigh","N"
"30859","Vachon, André","Marxist-Leninist Party of Canada","Edmonton Manning","Hélène Héroux","","","","","","","","","Lavoie, Sylvain","N"
"30902","Verrier, Roland","Marxist-Leninist Party of Canada","Port Moody--Coquitlam","Hélène Héroux","","","","","","","","","Lavoie, Sylvain","N"
"30500","Villamizar, Enver","Marxist-Leninist Party of Canada","Essex","Hélène Héroux","","","","","","","","","Lavoie, Sylvain","N"
"30428","Villamizar, Margaret","Marxist-Leninist Party of Canada","Windsor West","Hélène Héroux","","","","","","","","","Lavoie, Sylvain","N"
"30360","Villeneuve, James","New Democratic Party","Kitchener--Conestoga","Neil Jensen","5","1260","","13160","13610.3","202562.28","114.31","695.39","Nayman, Bernard G.","N"
"30715","Vis, Brad","Conservative Party of Canada","Mission--Matsqui--Fraser Canyon","Jason Born","0","0","0","126575","97883.07","217198.4","4185.26","8081.14","Rozon, Gary","N"
"30308","Walker, Ron J.","Marxist-Leninist Party of Canada","Niagara Centre","Hélène Héroux","","","","","","","","","Lavoie, Sylvain","N"
"30055","Walsh, Tony","New Democratic Party","Chatham-Kent--Leamington","Brian W Sharp","46","5046","0","9725","12262.95","213665.7","0","4163.31","Nayman, Bernard","N"
"29623","Wang, Andy","Conservative Party of Canada","Nepean","Edward P Fine","181","33831","0","140000","161521.28","219121.45","1362.49","9156.44","Rozon, Gary Andrew","N"
"29742","Watts, Dianne Lynn","Conservative Party of Canada","South Surrey--White Rock","John G Schoberg","0","0","0","190660.58","163482.91","208357.11","396.75","5485.03","Rozon, Gary Andrew","N"
"32529","Wendler, Nicholas","Green Party of Canada","Kitchener Centre","Teresa C Cornwell","11","140","0","1800","1292.98","209737.44","0","34.5","Campbell, Stacey","N"
"32700","Williams, Clifford James","Independent","Kings--Hants","Phillip John Zamora","","","","","","","","","Doucette-Brison, Sheila Marie","N"
"30760","Wismer, Elaine","Marxist-Leninist Party of Canada","Mission--Matsqui--Fraser Canyon","Hélène Héroux","","","","","","","","","Lavoie, Sylvain","N"
"30480","Wright, Nick","Green Party of Canada","University--Rosedale","Brian C Keith","11","3105","0","15895.91","19152.7","206261.82","0","1015.61","Manickam, Nara","N"
"30565","Yansané, Fodé Kerfalla","Green Party of Canada","Beloeil--Chambly","Andrée Vézina Gladu","0","0","0","2625","2467.21","233044.7","61.31","38","Campbell, Stacey","N"
"30546","Yazbek, Rehya","New Democratic Party","Dufferin--Caledon","CHRISTINE E MADILL","18","2544.24","0","7460","9127.01","234924.06","716.24","602.44","Nayman, Bernard G","N"
"30611","Young, Joseph","Independent","Calgary Skyview","Katherine S LeRougetel","56","1438.8","1000","0","1614.02","206487.35","0","0","Lavoie, Sylvain","N"
