Geo_Code,Prov_Name,GNR,Topic,Characteristic,Total,Male,Female
1,Canada,26.1,Citizenship,Total population in private households by citizenship,32852325,16163115,16689210
1,Canada,26.1,Citizenship,Canadian citizens,30895310,15232595,15662710
1,Canada,26.1,Citizenship,Canadian citizens aged under 18,6576425,3381280,3195140
1,Canada,26.1,Citizenship,Canadian citizens aged 18 and over,24318885,11851320,12467565
1,Canada,26.1,Citizenship,Not Canadian citizens,1957015,930520,1026495
1,Canada,26.1,Immigrant status and period of immigration,Total population in private households by immigrant status and period of immigration,32852320,16163110,16689210
1,Canada,26.1,Immigrant status and period of immigration,Non-immigrants,25720175,12753235,12966935
1,Canada,26.1,Immigrant status and period of immigration,Immigrants,6775765,3231370,3544400
1,Canada,26.1,Immigrant status and period of immigration,Before 1971,1261055,605430,655625
1,Canada,26.1,Immigrant status and period of immigration,1971 to 1980,870775,416670,454105
1,Canada,26.1,Immigrant status and period of immigration,1981 to 1990,949890,454570,495325
1,Canada,26.1,Immigrant status and period of immigration,1991 to 2000,1539050,724905,814145
1,Canada,26.1,Immigrant status and period of immigration,2001 to 2011,2154990,1029790,1125200
1,Canada,26.1,Immigrant status and period of immigration,2001 to 2005,992070,474545,517530
1,Canada,26.1,Immigrant status and period of immigration,2006 to 2011,1162915,555245,607670
1,Canada,26.1,Immigrant status and period of immigration,Non-permanent residents,356385,178515,177870
1,Canada,26.1,Age at immigration,Total immigrant population in private households by age at immigration,6775765,3231365,3544400
1,Canada,26.1,Age at immigration,Under 5 years,671795,332650,339145
1,Canada,26.1,Age at immigration,5 to 14 years,1186050,601430,584620
1,Canada,26.1,Age at immigration,15 to 24 years,1540430,698480,841950
1,Canada,26.1,Age at immigration,25 to 44 years,2767110,1320925,1446185
1,Canada,26.1,Age at immigration,45 years and over,610385,277885,332500
1,Canada,26.1,Immigrant status and selected places of birth,Total population in private households by immigrant status and selected places of birth,32852320,16163110,16689210
1,Canada,26.1,Immigrant status and selected places of birth,Non-immigrants,25720170,12753235,12966940
1,Canada,26.1,Immigrant status and selected places of birth,Born in province of residence,21853870,10848700,11005170
1,Canada,26.1,Immigrant status and selected places of birth,Born outside province of residence,3866305,1904535,1961770
1,Canada,26.1,Immigrant status and selected places of birth,Immigrants,6775765,3231365,3544400
1,Canada,26.1,Immigrant status and selected places of birth,Americas,1060230,478150,582085
1,Canada,26.1,Immigrant status and selected places of birth,United States,263475,117035,146440
1,Canada,26.1,Immigrant status and selected places of birth,Jamaica,126035,52655,73380
1,Canada,26.1,Immigrant status and selected places of birth,Guyana,87945,39105,48840
1,Canada,26.1,Immigrant status and selected places of birth,Haiti,80100,34785,45310
1,Canada,26.1,Immigrant status and selected places of birth,Mexico,69695,32760,36930
1,Canada,26.1,Immigrant status and selected places of birth,Trinidad and Tobago,67205,30150,37055
1,Canada,26.1,Immigrant status and selected places of birth,Colombia,60555,28555,32000
1,Canada,26.1,Immigrant status and selected places of birth,El Salvador,43655,21995,21660
1,Canada,26.1,Immigrant status and selected places of birth,Peru,26715,11745,14965
1,Canada,26.1,Immigrant status and selected places of birth,Chile,25195,12395,12800
1,Canada,26.1,Immigrant status and selected places of birth,Other places of birth in Americas,209665,96975,112690
1,Canada,26.1,Immigrant status and selected places of birth,Europe,2127785,1033830,1093955
1,Canada,26.1,Immigrant status and selected places of birth,United Kingdom,537040,257285,279755
1,Canada,26.1,Immigrant status and selected places of birth,Italy,256825,129970,126855
1,Canada,26.1,Immigrant status and selected places of birth,Germany,152345,72335,80010
1,Canada,26.1,Immigrant status and selected places of birth,Poland,152290,68855,83435
1,Canada,26.1,Immigrant status and selected places of birth,Portugal,138520,67895,70625
1,Canada,26.1,Immigrant status and selected places of birth,Netherlands,98510,50200,48315
1,Canada,26.1,Immigrant status and selected places of birth,France,90440,46900,43540
1,Canada,26.1,Immigrant status and selected places of birth,Romania,82595,39635,42955
1,Canada,26.1,Immigrant status and selected places of birth,Russian Federation,73030,32945,40080
1,Canada,26.1,Immigrant status and selected places of birth,Greece,66475,34090,32385
1,Canada,26.1,Immigrant status and selected places of birth,Ukraine,65455,29340,36115
1,Canada,26.1,Immigrant status and selected places of birth,Croatia,40010,19475,20540
1,Canada,26.1,Immigrant status and selected places of birth,Hungary,38985,19190,19790
1,Canada,26.1,Immigrant status and selected places of birth,Bosnia and Herzegovina,35885,18290,17595
1,Canada,26.1,Immigrant status and selected places of birth,Serbia,32600,15780,16820
1,Canada,26.1,Immigrant status and selected places of birth,"Ireland, Republic of",28040,13485,14555
1,Canada,26.1,Immigrant status and selected places of birth,Other places of birth in Europe,238740,118170,120565
1,Canada,26.1,Immigrant status and selected places of birth,Africa,492030,251025,241000
1,Canada,26.1,Immigrant status and selected places of birth,Morocco,56275,29560,26715
1,Canada,26.1,Immigrant status and selected places of birth,Algeria,51085,27350,23735
1,Canada,26.1,Immigrant status and selected places of birth,Egypt,49935,26630,23305
1,Canada,26.1,Immigrant status and selected places of birth,"South Africa, Republic of",40550,20075,20480
1,Canada,26.1,Immigrant status and selected places of birth,Nigeria,27625,14520,13105
1,Canada,26.1,Immigrant status and selected places of birth,Ethiopia,24535,11840,12695
1,Canada,26.1,Immigrant status and selected places of birth,Kenya,24510,11485,13030
1,Canada,26.1,Immigrant status and selected places of birth,Other places of birth in Africa,217510,109565,107940
1,Canada,26.1,Immigrant status and selected places of birth,Asia,3041105,1441670,1599430
1,Canada,26.1,Immigrant status and selected places of birth,India,547890,271490,276395
1,Canada,26.1,Immigrant status and selected places of birth,China,545535,247815,297715
1,Canada,26.1,Immigrant status and selected places of birth,Philippines,454340,190120,264220
1,Canada,26.1,Immigrant status and selected places of birth,Hong Kong Special Administrative Region,205430,97005,108420
1,Canada,26.1,Immigrant status and selected places of birth,Viet Nam,165125,77945,87180
1,Canada,26.1,Immigrant status and selected places of birth,Pakistan,156860,80410,76450
1,Canada,26.1,Immigrant status and selected places of birth,Sri Lanka,132130,65655,66475
1,Canada,26.1,Immigrant status and selected places of birth,Iran,120685,61780,58905
1,Canada,26.1,Immigrant status and selected places of birth,"Korea, South",112400,52815,59585
1,Canada,26.1,Immigrant status and selected places of birth,Lebanon,81105,43415,37695
1,Canada,26.1,Immigrant status and selected places of birth,Taiwan,66455,30560,35900
1,Canada,26.1,Immigrant status and selected places of birth,Iraq,49515,25635,23885
1,Canada,26.1,Immigrant status and selected places of birth,Bangladesh,45320,23410,21915
1,Canada,26.1,Immigrant status and selected places of birth,Afghanistan,40945,20650,20290
1,Canada,26.1,Immigrant status and selected places of birth,Japan,25805,8000,17805
1,Canada,26.1,Immigrant status and selected places of birth,Turkey,25275,13420,11855
1,Canada,26.1,Immigrant status and selected places of birth,Other places of birth in Asia,266285,131540,134745
1,Canada,26.1,Immigrant status and selected places of birth,Oceania and other,54625,26690,27935
1,Canada,26.1,Immigrant status and selected places of birth,Fiji,24290,11415,12875
1,Canada,26.1,Immigrant status and selected places of birth,Other places of birth,30330,15275,15055
1,Canada,26.1,Immigrant status and selected places of birth,Non-permanent residents,356385,178510,177870
1,Canada,26.1,Recent immigrants by selected place of birth,Total recent immigrant population in private households by selected places of birth,1162915,555250,607670
1,Canada,26.1,Recent immigrants by selected place of birth,Americas,188730,90345,98380
1,Canada,26.1,Recent immigrants by selected place of birth,United States,45015,22225,22790
1,Canada,26.1,Recent immigrants by selected place of birth,Mexico,22310,10740,11570
1,Canada,26.1,Recent immigrants by selected place of birth,Cuba,5555,2910,2645
1,Canada,26.1,Recent immigrants by selected place of birth,Haiti,19305,8690,10615
1,Canada,26.1,Recent immigrants by selected place of birth,Jamaica,9800,4775,5035
1,Canada,26.1,Recent immigrants by selected place of birth,Brazil,9540,4460,5075
1,Canada,26.1,Recent immigrants by selected place of birth,Colombia,27555,13255,14300
1,Canada,26.1,Recent immigrants by selected place of birth,Guyana,6010,2585,3425
1,Canada,26.1,Recent immigrants by selected place of birth,Peru,6410,2735,3675
1,Canada,26.1,Recent immigrants by selected place of birth,Venezuela,6185,2995,3190
1,Canada,26.1,Recent immigrants by selected place of birth,Other places of birth in Americas,31045,14980,16065
1,Canada,26.1,Recent immigrants by selected place of birth,Europe,159750,79565,80180
1,Canada,26.1,Recent immigrants by selected place of birth,France,20380,10745,9640
1,Canada,26.1,Recent immigrants by selected place of birth,Germany,10455,5255,5205
1,Canada,26.1,Recent immigrants by selected place of birth,Poland,5365,1995,3375
1,Canada,26.1,Recent immigrants by selected place of birth,Romania,13370,6145,7220
1,Canada,26.1,Recent immigrants by selected place of birth,Moldova,6570,3255,3315
1,Canada,26.1,Recent immigrants by selected place of birth,Russian Federation,17100,7680,9415
1,Canada,26.1,Recent immigrants by selected place of birth,Ukraine,12385,5465,6925
1,Canada,26.1,Recent immigrants by selected place of birth,United Kingdom,32965,18320,14645
1,Canada,26.1,Recent immigrants by selected place of birth,Other places of birth in Europe,41160,20710,20450
1,Canada,26.1,Recent immigrants by selected place of birth,Africa,145725,73470,72250
1,Canada,26.1,Recent immigrants by selected place of birth,Nigeria,13035,6695,6345
1,Canada,26.1,Recent immigrants by selected place of birth,Ethiopia,6595,3055,3535
1,Canada,26.1,Recent immigrants by selected place of birth,Mauritius,4195,2070,2120
1,Canada,26.1,Recent immigrants by selected place of birth,Somalia,4315,2040,2270
1,Canada,26.1,Recent immigrants by selected place of birth,Algeria,21240,10560,10675
1,Canada,26.1,Recent immigrants by selected place of birth,Egypt,11105,5865,5240
1,Canada,26.1,Recent immigrants by selected place of birth,Morocco,20295,10240,10055
1,Canada,26.1,Recent immigrants by selected place of birth,Tunisia,4755,2865,1895
1,Canada,26.1,Recent immigrants by selected place of birth,Cameroon,5425,2780,2645
1,Canada,26.1,Recent immigrants by selected place of birth,"Congo, The Democratic Republic of the",5865,2720,3150
1,Canada,26.1,Recent immigrants by selected place of birth,"South Africa, Republic of",5660,2730,2930
1,Canada,26.1,Recent immigrants by selected place of birth,Other places of birth in Africa,43230,21845,21385
1,Canada,26.1,Recent immigrants by selected place of birth,Asia,661570,307935,353635
1,Canada,26.1,Recent immigrants by selected place of birth,Philippines,152270,66980,85285
1,Canada,26.1,Recent immigrants by selected place of birth,China,122090,54290,67800
1,Canada,26.1,Recent immigrants by selected place of birth,India,121415,60075,61345
1,Canada,26.1,Recent immigrants by selected place of birth,Pakistan,35040,16890,18155
1,Canada,26.1,Recent immigrants by selected place of birth,Iran,30295,14865,15425
1,Canada,26.1,Recent immigrants by selected place of birth,South Korea,27665,12720,14945
1,Canada,26.1,Recent immigrants by selected place of birth,Sri Lanka,21430,10175,11260
1,Canada,26.1,Recent immigrants by selected place of birth,Iraq,16915,8365,8550
1,Canada,26.1,Recent immigrants by selected place of birth,Bangladesh,14110,7050,7060
1,Canada,26.1,Recent immigrants by selected place of birth,Lebanon,12420,6640,5780
1,Canada,26.1,Recent immigrants by selected place of birth,Viet Nam,11275,4235,7045
1,Canada,26.1,Recent immigrants by selected place of birth,Taiwan,9295,4255,5040
1,Canada,26.1,Recent immigrants by selected place of birth,Afghanistan,8425,4325,4100
1,Canada,26.1,Recent immigrants by selected place of birth,Japan,6385,1660,4720
1,Canada,26.1,Recent immigrants by selected place of birth,Turkey,5855,3110,2745
1,Canada,26.1,Recent immigrants by selected place of birth,Israel,5230,2610,2625
1,Canada,26.1,Recent immigrants by selected place of birth,Nepal,5210,2725,2490
1,Canada,26.1,Recent immigrants by selected place of birth,Hong Kong Special Administrative Region,4805,1940,2865
1,Canada,26.1,Recent immigrants by selected place of birth,United Arab Emirates,4800,2440,2355
1,Canada,26.1,Recent immigrants by selected place of birth,Saudi Arabia,4345,2440,1900
1,Canada,26.1,Recent immigrants by selected place of birth,Syria,4150,2145,2005
1,Canada,26.1,Recent immigrants by selected place of birth,Other places of birth in Asia,38140,18005,20140
1,Canada,26.1,Recent immigrants by selected place of birth,Oceania and other,7150,3930,3215
1,Canada,26.1,Generation status,Total population in private households by generation status,32852320,16163115,16689210
1,Canada,26.1,Generation status,First generation,7217295,3454225,3763070
1,Canada,26.1,Generation status,Second generation,5702725,2840860,2861860
1,Canada,26.1,Generation status,Third generation or more,19932300,9868025,10064275
1,Canada,26.1,Visible minority population,Total population in private households by visible minority,32852320,16163110,16689210
1,Canada,26.1,Visible minority population,Total visible minority population,6264750,3043010,3221745
1,Canada,26.1,Visible minority population,South Asian,1567400,790755,776650
1,Canada,26.1,Visible minority population,Chinese,1324750,632325,692420
1,Canada,26.1,Visible minority population,Black,945665,453005,492660
1,Canada,26.1,Visible minority population,Filipino,619310,268885,350425
1,Canada,26.1,Visible minority population,Latin American,381280,186355,194925
1,Canada,26.1,Visible minority population,Arab,380620,203485,177140
1,Canada,26.1,Visible minority population,Southeast Asian,312075,154035,158045
1,Canada,26.1,Visible minority population,West Asian,206840,105620,101220
1,Canada,26.1,Visible minority population,Korean,161130,77165,83965
1,Canada,26.1,Visible minority population,Japanese,87270,38270,48990
1,Canada,26.1,Visible minority population,"Visible minority, n.i.e.",106475,49770,56705
1,Canada,26.1,Visible minority population,Multiple visible minorities,171935,83335,88600
1,Canada,26.1,Visible minority population,Not a visible minority,26587575,13120105,13467465
1,Canada,26.1,Ethnic origin population,Total population in private households by ethnic origins,32852325,16163110,16689210
1,Canada,26.1,Ethnic origin population,North American Aboriginal origins,1836035,885675,950360
1,Canada,26.1,Ethnic origin population,First Nations (North American Indian),1369115,658050,711065
1,Canada,26.1,Ethnic origin population,Inuit,72615,35895,36720
1,Canada,26.1,Ethnic origin population,M_tis,447655,217405,230250
1,Canada,26.1,Ethnic origin population,Other North American origins,11070455,5462685,5607770
1,Canada,26.1,Ethnic origin population,Acadian,115900,56435,59460
1,Canada,26.1,Ethnic origin population,American,372575,179465,193115
1,Canada,26.1,Ethnic origin population,Canadian,10563805,5214090,5349715
1,Canada,26.1,Ethnic origin population,New Brunswicker,1895,860,1040
1,Canada,26.1,Ethnic origin population,Newfoundlander,22035,11580,10460
1,Canada,26.1,Ethnic origin population,Nova Scotian,2845,1400,1445
1,Canada,26.1,Ethnic origin population,Ontarian,3860,1800,2065
1,Canada,26.1,Ethnic origin population,Qu_b_cois,193885,97450,96430
1,Canada,26.1,Ethnic origin population,"Other North American origins, n.i.e.",4050,2010,2040
1,Canada,26.1,Ethnic origin population,European origins,20157965,9913150,10244820
1,Canada,26.1,Ethnic origin population,British Isles origins,11343705,5531110,5812600
1,Canada,26.1,Ethnic origin population,Channel Islander,3325,1740,1590
1,Canada,26.1,Ethnic origin population,Cornish,1765,1005,750
1,Canada,26.1,Ethnic origin population,English,6509500,3159130,3350365
1,Canada,26.1,Ethnic origin population,Irish,4544865,2155710,2389160
1,Canada,26.1,Ethnic origin population,Manx,4730,2410,2315
1,Canada,26.1,Ethnic origin population,Scottish,4714965,2284200,2430770
1,Canada,26.1,Ethnic origin population,Welsh,458705,219565,239135
1,Canada,26.1,Ethnic origin population,"British Isles origins, n.i.e.",576030,275345,300685
1,Canada,26.1,Ethnic origin population,French origins,5077215,2476125,2601090
1,Canada,26.1,Ethnic origin population,Alsatian,2700,1280,1420
1,Canada,26.1,Ethnic origin population,Breton,14290,7105,7190
1,Canada,26.1,Ethnic origin population,French,5065690,2470555,2595130
1,Canada,26.1,Ethnic origin population,Western European origins (except French origins),4439950,2179305,2260650
1,Canada,26.1,Ethnic origin population,Austrian,197990,97350,100640
1,Canada,26.1,Ethnic origin population,Belgian,176620,87360,89260
1,Canada,26.1,Ethnic origin population,Dutch,1067245,526105,541140
1,Canada,26.1,Ethnic origin population,Flemish,13840,6880,6970
1,Canada,26.1,Ethnic origin population,Frisian,5055,2715,2335
1,Canada,26.1,Ethnic origin population,German,3203325,1568295,1635030
1,Canada,26.1,Ethnic origin population,Luxembourger,3790,1915,1875
1,Canada,26.1,Ethnic origin population,Swiss,146830,72895,73935
1,Canada,26.1,Ethnic origin population,"Western European origins, n.i.e.",2740,1380,1355
1,Canada,26.1,Ethnic origin population,Northern European origins (except British Isles origins),1164425,562395,602035
1,Canada,26.1,Ethnic origin population,Danish,203080,98545,104535
1,Canada,26.1,Ethnic origin population,Finnish,136215,65325,70890
1,Canada,26.1,Ethnic origin population,Icelandic,94210,46140,48065
1,Canada,26.1,Ethnic origin population,Norwegian,452710,220440,232270
1,Canada,26.1,Ethnic origin population,Swedish,341845,160560,181280
1,Canada,26.1,Ethnic origin population,"Northern European origins, n.i.e.",43070,21650,21415
1,Canada,26.1,Ethnic origin population,Eastern European origins,3142775,1532520,1610250
1,Canada,26.1,Ethnic origin population,Bulgarian,30485,14965,15520
1,Canada,26.1,Ethnic origin population,Byelorussian,15565,7240,8320
1,Canada,26.1,Ethnic origin population,Czech,94805,46650,48150
1,Canada,26.1,Ethnic origin population,"Czechoslovakian, n.o.s.",40030,18980,21055
1,Canada,26.1,Ethnic origin population,Estonian,23185,10575,12610
1,Canada,26.1,Ethnic origin population,Hungarian,316760,156285,160480
1,Canada,26.1,Ethnic origin population,Latvian,27355,13310,14040
1,Canada,26.1,Ethnic origin population,Lithuanian,49130,24420,24710
1,Canada,26.1,Ethnic origin population,Moldovan,8055,4095,3960
1,Canada,26.1,Ethnic origin population,Polish,1010700,488180,522525
1,Canada,26.1,Ethnic origin population,Romanian,204630,99560,105070
1,Canada,26.1,Ethnic origin population,Russian,550515,264370,286145
1,Canada,26.1,Ethnic origin population,Slovak,66545,32700,33845
1,Canada,26.1,Ethnic origin population,Ukrainian,1251170,610890,640275
1,Canada,26.1,Ethnic origin population,"Eastern European origins, n.i.e.",11330,5665,5665
1,Canada,26.1,Ethnic origin population,Southern European origins,2798395,1391820,1406575
1,Canada,26.1,Ethnic origin population,Albanian,28270,14520,13745
1,Canada,26.1,Ethnic origin population,Bosnian,22915,11610,11310
1,Canada,26.1,Ethnic origin population,Croatian,114880,57845,57030
1,Canada,26.1,Ethnic origin population,Cypriot,4820,2240,2580
1,Canada,26.1,Ethnic origin population,Greek,252955,129805,123160
1,Canada,26.1,Ethnic origin population,Italian,1488420,744730,743695
1,Canada,26.1,Ethnic origin population,Kosovar,2765,1365,1400
1,Canada,26.1,Ethnic origin population,Macedonian,36985,18740,18250
1,Canada,26.1,Ethnic origin population,Maltese,38780,19555,19230
1,Canada,26.1,Ethnic origin population,Montenegrin,2970,1555,1415
1,Canada,26.1,Ethnic origin population,Portuguese,429850,213330,216525
1,Canada,26.1,Ethnic origin population,Serbian,80320,40660,39655
1,Canada,26.1,Ethnic origin population,Sicilian,5980,3130,2845
1,Canada,26.1,Ethnic origin population,Slovenian,37175,18400,18775
1,Canada,26.1,Ethnic origin population,Spanish,368305,173590,194715
1,Canada,26.1,Ethnic origin population,"Yugoslavian, n.o.s.",48320,23685,24635
1,Canada,26.1,Ethnic origin population,"Southern European origins, n.i.e.",965,450,520
1,Canada,26.1,Ethnic origin population,Other European origins,371710,187060,184650
1,Canada,26.1,Ethnic origin population,Basque,5565,2970,2600
1,Canada,26.1,Ethnic origin population,Jewish,309650,154375,155275
1,Canada,26.1,Ethnic origin population,Roma (Gypsy),5255,2495,2760
1,Canada,26.1,Ethnic origin population,"Slavic, n.o.s.",4660,2445,2220
1,Canada,26.1,Ethnic origin population,"Other European origins, n.i.e.",48765,25990,22770
1,Canada,26.1,Ethnic origin population,Caribbean origins,627590,291640,335945
1,Canada,26.1,Ethnic origin population,Antiguan,3630,1925,1705
1,Canada,26.1,Ethnic origin population,Bahamian,2505,1395,1110
1,Canada,26.1,Ethnic origin population,Barbadian,34340,15660,18680
1,Canada,26.1,Ethnic origin population,Bermudan,2765,1290,1475
1,Canada,26.1,Ethnic origin population,Carib,3295,1365,1930
1,Canada,26.1,Ethnic origin population,Cuban,21440,10500,10940
1,Canada,26.1,Ethnic origin population,Dominican,16715,8055,8660
1,Canada,26.1,Ethnic origin population,Grenadian,14890,6605,8280
1,Canada,26.1,Ethnic origin population,Haitian,137995,63915,74075
1,Canada,26.1,Ethnic origin population,Jamaican,256915,119275,137640
1,Canada,26.1,Ethnic origin population,Kittitian/Nevisian,2225,925,1300
1,Canada,26.1,Ethnic origin population,Martinican,1415,765,655
1,Canada,26.1,Ethnic origin population,Montserratan,825,440,380
1,Canada,26.1,Ethnic origin population,Puerto Rican,2340,1170,1175
1,Canada,26.1,Ethnic origin population,St. Lucian,6645,2700,3945
1,Canada,26.1,Ethnic origin population,Trinidadian/Tobagonian,68230,32665,35560
1,Canada,26.1,Ethnic origin population,Vincentian/Grenadinian,14180,6135,8045
1,Canada,26.1,Ethnic origin population,"West Indian, n.o.s.",56650,25820,30835
1,Canada,26.1,Ethnic origin population,"Caribbean origins, n.i.e.",21960,10025,11930
1,Canada,26.1,Ethnic origin population,"Latin, Central and South American origins",544375,264635,279740
1,Canada,26.1,Ethnic origin population,Aboriginal from Central/South America (except Maya),16685,7875,8810
1,Canada,26.1,Ethnic origin population,Argentinian,16910,8375,8540
1,Canada,26.1,Ethnic origin population,Belizean,1125,525,600
1,Canada,26.1,Ethnic origin population,Bolivian,3780,1795,1985
1,Canada,26.1,Ethnic origin population,Brazilian,25395,12520,12875
1,Canada,26.1,Ethnic origin population,Chilean,38135,18835,19305
1,Canada,26.1,Ethnic origin population,Colombian,76580,37050,39530
1,Canada,26.1,Ethnic origin population,Costa Rican,5340,2555,2780
1,Canada,26.1,Ethnic origin population,Ecuadorian,20115,9640,10475
1,Canada,26.1,Ethnic origin population,Guatemalan,20765,10555,10215
1,Canada,26.1,Ethnic origin population,Guyanese,75350,35065,40280
1,Canada,26.1,Ethnic origin population,Hispanic,6495,3025,3470
1,Canada,26.1,Ethnic origin population,Honduran,8720,4210,4510
1,Canada,26.1,Ethnic origin population,Maya,4695,2425,2270
1,Canada,26.1,Ethnic origin population,Mexican,96055,47900,48160
1,Canada,26.1,Ethnic origin population,Nicaraguan,11445,5570,5875
1,Canada,26.1,Ethnic origin population,Panamanian,3650,1675,1975
1,Canada,26.1,Ethnic origin population,Paraguayan,3425,1775,1650
1,Canada,26.1,Ethnic origin population,Peruvian,34385,15855,18530
1,Canada,26.1,Ethnic origin population,Salvadorean,63965,32160,31805
1,Canada,26.1,Ethnic origin population,Uruguayan,5500,2760,2735
1,Canada,26.1,Ethnic origin population,Venezuelan,18165,8520,9645
1,Canada,26.1,Ethnic origin population,"Latin, Central and South American origins, n.i.e.",19985,9950,10035
1,Canada,26.1,Ethnic origin population,African origins,766735,387360,379380
1,Canada,26.1,Ethnic origin population,Central and West African origins,142780,73680,69100
1,Canada,26.1,Ethnic origin population,Akan,1065,600,470
1,Canada,26.1,Ethnic origin population,Angolan,1925,950,975
1,Canada,26.1,Ethnic origin population,Ashanti,985,505,480
1,Canada,26.1,Ethnic origin population,Beninese,2665,1455,1205
1,Canada,26.1,Ethnic origin population,Burkinabe,1380,710,675
1,Canada,26.1,Ethnic origin population,Cameroonian,10555,5525,5020
1,Canada,26.1,Ethnic origin population,Chadian,1070,560,510
1,Canada,26.1,Ethnic origin population,Congolese,24965,11975,12990
1,Canada,26.1,Ethnic origin population,Gabonese,1105,560,540
1,Canada,26.1,Ethnic origin population,Gambian,595,335,260
1,Canada,26.1,Ethnic origin population,Ghanaian,29355,14965,14385
1,Canada,26.1,Ethnic origin population,Guinean,4835,2455,2380
1,Canada,26.1,Ethnic origin population,Ibo,2795,1475,1320
1,Canada,26.1,Ethnic origin population,Ivorian,5200,2865,2335
1,Canada,26.1,Ethnic origin population,Liberian,1695,940,755
1,Canada,26.1,Ethnic origin population,Malian,2530,1200,1330
1,Canada,26.1,Ethnic origin population,Nigerian,31735,16655,15075
1,Canada,26.1,Ethnic origin population,Peulh,1370,715,655
1,Canada,26.1,Ethnic origin population,Senegalese,6335,3345,2990
1,Canada,26.1,Ethnic origin population,Sierra Leonean,1820,940,875
1,Canada,26.1,Ethnic origin population,Togolese,3115,1775,1335
1,Canada,26.1,Ethnic origin population,Yoruba,5340,2875,2465
1,Canada,26.1,Ethnic origin population,"Central and West African origins, n.i.e.",11390,5960,5435
1,Canada,26.1,Ethnic origin population,North African origins,252055,132630,119415
1,Canada,26.1,Ethnic origin population,Algerian,49110,25695,23415
1,Canada,26.1,Ethnic origin population,Berber,25880,14270,11615
1,Canada,26.1,Ethnic origin population,Coptic,3570,1795,1770
1,Canada,26.1,Ethnic origin population,Dinka,715,450,265
1,Canada,26.1,Ethnic origin population,Egyptian,73250,38210,35040
1,Canada,26.1,Ethnic origin population,Libyan,5510,2965,2550
1,Canada,26.1,Ethnic origin population,Maure,1040,605,430
1,Canada,26.1,Ethnic origin population,Moroccan,71915,36640,35270
1,Canada,26.1,Ethnic origin population,Sudanese,16595,8785,7810
1,Canada,26.1,Ethnic origin population,Tunisian,15130,8750,6375
1,Canada,26.1,Ethnic origin population,"North African origins, n.i.e.",2875,1635,1245
1,Canada,26.1,Ethnic origin population,Southern and East African origins,187140,91065,96075
1,Canada,26.1,Ethnic origin population,Afrikaner,1945,970,975
1,Canada,26.1,Ethnic origin population,Amhara,1305,720,585
1,Canada,26.1,Ethnic origin population,"Bantu, n.o.s.",1825,945,880
1,Canada,26.1,Ethnic origin population,Burundian,7395,3755,3640
1,Canada,26.1,Ethnic origin population,Eritrean,13430,6535,6895
1,Canada,26.1,Ethnic origin population,Ethiopian,30810,15135,15670
1,Canada,26.1,Ethnic origin population,Harari,675,265,415
1,Canada,26.1,Ethnic origin population,Kenyan,8060,3820,4235
1,Canada,26.1,Ethnic origin population,Malagasy,2925,1465,1455
1,Canada,26.1,Ethnic origin population,Mauritian,6695,3015,3680
1,Canada,26.1,Ethnic origin population,Oromo,1825,995,835
1,Canada,26.1,Ethnic origin population,Rwandan,8100,3795,4310
1,Canada,26.1,Ethnic origin population,Seychellois,1035,495,540
1,Canada,26.1,Ethnic origin population,Somali,44995,21330,23665
1,Canada,26.1,Ethnic origin population,South African,34000,16875,17130
1,Canada,26.1,Ethnic origin population,Tanzanian,4065,1975,2090
1,Canada,26.1,Ethnic origin population,Tigrian,1005,545,455
1,Canada,26.1,Ethnic origin population,Ugandan,4535,2205,2335
1,Canada,26.1,Ethnic origin population,Zambian,1425,695,730
1,Canada,26.1,Ethnic origin population,Zimbabwean,6425,3130,3300
1,Canada,26.1,Ethnic origin population,Zulu,840,470,370
1,Canada,26.1,Ethnic origin population,"Southern and East African origins, n.i.e.",14510,7200,7310
1,Canada,26.1,Ethnic origin population,Other African origins,199900,97980,101920
1,Canada,26.1,Ethnic origin population,"Black, n.o.s.",25150,11595,13555
1,Canada,26.1,Ethnic origin population,"Other African origins, n.i.e.",177190,87605,89585
1,Canada,26.1,Ethnic origin population,Asian origins,5011225,2435540,2575680
1,Canada,26.1,Ethnic origin population,West Central Asian and Middle Eastern origins,778470,402825,375640
1,Canada,26.1,Ethnic origin population,Afghan,62815,31640,31175
1,Canada,26.1,Ethnic origin population,"Arab, n.o.s.",94640,52235,42405
1,Canada,26.1,Ethnic origin population,Armenian,55745,28040,27700
1,Canada,26.1,Ethnic origin population,Assyrian,10815,5630,5180
1,Canada,26.1,Ethnic origin population,Azerbaijani,4580,2450,2130
1,Canada,26.1,Ethnic origin population,Georgian,3155,1530,1625
1,Canada,26.1,Ethnic origin population,Iranian,163290,83495,79800
1,Canada,26.1,Ethnic origin population,Iraqi,49680,25245,24435
1,Canada,26.1,Ethnic origin population,Israeli,15015,7330,7685
1,Canada,26.1,Ethnic origin population,Jordanian,9425,5050,4370
1,Canada,26.1,Ethnic origin population,Kazakh,2265,1095,1175
1,Canada,26.1,Ethnic origin population,Kurd,11680,6295,5385
1,Canada,26.1,Ethnic origin population,Kuwaiti,2240,1090,1150
1,Canada,26.1,Ethnic origin population,Lebanese,190275,97840,92435
1,Canada,26.1,Ethnic origin population,Palestinian,31245,16530,14720
1,Canada,26.1,Ethnic origin population,Pashtun,3315,1715,1595
1,Canada,26.1,Ethnic origin population,Saudi Arabian,7955,4680,3275
1,Canada,26.1,Ethnic origin population,Syrian,40840,20575,20265
1,Canada,26.1,Ethnic origin population,Tajik,2395,1150,1245
1,Canada,26.1,Ethnic origin population,Tatar,2850,1370,1485
1,Canada,26.1,Ethnic origin population,Turk,55435,28675,26755
1,Canada,26.1,Ethnic origin population,Uighur,1155,540,615
1,Canada,26.1,Ethnic origin population,Uzbek,2720,1305,1420
1,Canada,26.1,Ethnic origin population,Yemeni,3945,2080,1865
1,Canada,26.1,Ethnic origin population,"West Central Asian and Middle Eastern origins, n.i.e.",16540,9095,7440
1,Canada,26.1,Ethnic origin population,South Asian origins,1615920,812980,802940
1,Canada,26.1,Ethnic origin population,Bangladeshi,34205,17535,16670
1,Canada,26.1,Ethnic origin population,Bengali,17960,9220,8740
1,Canada,26.1,Ethnic origin population,East Indian,1165145,584245,580900
1,Canada,26.1,Ethnic origin population,Goan,5125,2435,2690
1,Canada,26.1,Ethnic origin population,Gujarati,5890,2890,3000
1,Canada,26.1,Ethnic origin population,Kashmiri,2120,1105,1020
1,Canada,26.1,Ethnic origin population,Nepali,9785,5020,4770
1,Canada,26.1,Ethnic origin population,Pakistani,155310,80440,74870
1,Canada,26.1,Ethnic origin population,Punjabi,76150,39045,37105
1,Canada,26.1,Ethnic origin population,Sinhalese,7220,3635,3585
1,Canada,26.1,Ethnic origin population,Sri Lankan,139415,69625,69795
1,Canada,26.1,Ethnic origin population,Tamil,48965,24915,24045
1,Canada,26.1,Ethnic origin population,"South Asian origins, n.i.e.",53390,26925,26465
1,Canada,26.1,Ethnic origin population,East and Southeast Asian origins,2650000,1236405,1413595
1,Canada,26.1,Ethnic origin population,Burmese,7850,3770,4075
1,Canada,26.1,Ethnic origin population,Cambodian (Khmer),34340,16990,17345
1,Canada,26.1,Ethnic origin population,Chinese,1487580,708975,778605
1,Canada,26.1,Ethnic origin population,Filipino,662605,289055,373550
1,Canada,26.1,Ethnic origin population,Hmong,830,430,400
1,Canada,26.1,Ethnic origin population,Indonesian,18125,8655,9475
1,Canada,26.1,Ethnic origin population,Japanese,109740,49155,60590
1,Canada,26.1,Ethnic origin population,Korean,168890,80525,88360
1,Canada,26.1,Ethnic origin population,Laotian,22090,11070,11020
1,Canada,26.1,Ethnic origin population,Malaysian,14165,6490,7680
1,Canada,26.1,Ethnic origin population,Mongolian,5350,2605,2750
1,Canada,26.1,Ethnic origin population,Singaporean,2045,1000,1050
1,Canada,26.1,Ethnic origin population,Taiwanese,30335,14305,16025
1,Canada,26.1,Ethnic origin population,Thai,15080,6145,8935
1,Canada,26.1,Ethnic origin population,Tibetan,5820,2915,2905
1,Canada,26.1,Ethnic origin population,Vietnamese,220420,107010,113415
1,Canada,26.1,Ethnic origin population,"East and Southeast Asian origins, n.i.e.",9040,4410,4635
1,Canada,26.1,Ethnic origin population,Other Asian origins,20115,10140,9975
1,Canada,26.1,Ethnic origin population,"Other Asian origins, n.i.e.",20115,10140,9975
1,Canada,26.1,Ethnic origin population,Oceania origins,74875,37490,37385
1,Canada,26.1,Ethnic origin population,Australian,36345,18455,17895
1,Canada,26.1,Ethnic origin population,New Zealander,13890,7000,6890
1,Canada,26.1,Ethnic origin population,Pacific Islands origins,25740,12570,13175
1,Canada,26.1,Ethnic origin population,Fijian,17815,8730,9085
1,Canada,26.1,Ethnic origin population,Hawaiian,3135,1465,1665
1,Canada,26.1,Ethnic origin population,Maori,2015,915,1100
1,Canada,26.1,Ethnic origin population,"Polynesian, n.o.s.",860,445,420
1,Canada,26.1,Ethnic origin population,Samoan,820,515,305
1,Canada,26.1,Ethnic origin population,"Pacific Islands origins, n.i.e.",1550,700,850
1,Canada,26.1,Religion,Total population in private households by religion,32852320,16163115,16689210
1,Canada,26.1,Religion,Buddhist,366830,168465,198365
1,Canada,26.1,Religion,Christian,22102745,10497775,11604975
1,Canada,26.1,Religion,Anglican,1631845,752945,878900
1,Canada,26.1,Religion,Baptist,635840,293905,341940
1,Canada,26.1,Religion,Catholic,12810705,6167290,6643415
1,Canada,26.1,Religion,Christian Orthodox,550690,270205,280485
1,Canada,26.1,Religion,Lutheran,478185,221525,256660
1,Canada,26.1,Religion,Pentecostal,478705,217850,260850
1,Canada,26.1,Religion,Presbyterian,472385,218955,253430
1,Canada,26.1,Religion,United Church,2007610,912545,1095065
1,Canada,26.1,Religion,Other Christian,3036780,1442550,1594230
1,Canada,26.1,Religion,Hindu,497965,250435,247525
1,Canada,26.1,Religion,Jewish,329495,161265,168235
1,Canada,26.1,Religion,Muslim,1053945,540555,513395
1,Canada,26.1,Religion,Sikh,454965,229435,225530
1,Canada,26.1,Religion,Traditional (Aboriginal) Spirituality,64935,31805,33135
1,Canada,26.1,Religion,Other religions,130835,57745,73090
1,Canada,26.1,Religion,No religious affiliation,7850605,4225645,3624965
1,Canada,26.1,Aboriginal population,Total population in private households by Aboriginal identity,32852325,16163110,16689210
1,Canada,26.1,Aboriginal population,Aboriginal identity,1400685,682190,718500
1,Canada,26.1,Aboriginal population,First Nations (North American Indian) single identity,851560,411785,439775
1,Canada,26.1,Aboriginal population,M_tis single identity,451795,223335,228460
1,Canada,26.1,Aboriginal population,Inuk (Inuit) single identity,59440,29495,29950
1,Canada,26.1,Aboriginal population,Multiple Aboriginal identities,11415,5525,5890
1,Canada,26.1,Aboriginal population,Aboriginal identities not included elsewhere,26475,12055,14420
1,Canada,26.1,Aboriginal population,Non-Aboriginal identity,31451640,15480920,15970715
1,Canada,26.1,Aboriginal population,Total population in private households by Registered or Treaty Indian status,32852325,16163110,16689210
1,Canada,26.1,Aboriginal population,Registered or Treaty Indian,697505,337410,360095
1,Canada,26.1,Aboriginal population,Not a Registered or Treaty Indian,32154815,15825700,16329115
1,Canada,26.1,Aboriginal population,Total population in private households by Aboriginal ancestry,32852325,16163115,16689210
1,Canada,26.1,Aboriginal population,Aboriginal ancestry,1836035,885675,950360
1,Canada,26.1,Aboriginal population,First Nations (North American Indian) Aboriginal ancestry,1369115,658055,711065
1,Canada,26.1,Aboriginal population,M_tis ancestry,447655,217400,230250
1,Canada,26.1,Aboriginal population,Inuit ancestry,72615,35895,36720
1,Canada,26.1,Aboriginal population,Non-Aboriginal ancestry only,31016285,15277440,15738850
1,Canada,26.1,Non-official languages spoken,Total population in private households by non-official languages spoken,8165495,3923340,4242155
1,Canada,26.1,Non-official languages spoken,Aboriginal languages,245115,119650,125470
1,Canada,26.1,Non-official languages spoken,Algonquin,2395,1130,1270
1,Canada,26.1,Non-official languages spoken,Atikamekw,6205,3255,2950
1,Canada,26.1,Non-official languages spoken,Blackfoot,4395,2155,2245
1,Canada,26.1,Non-official languages spoken,Cree languages,96690,47240,49450
1,Canada,26.1,Non-official languages spoken,Mi'kmaq,8930,4295,4635
1,Canada,26.1,Non-official languages spoken,Innu/Montagnais,11450,5550,5900
1,Canada,26.1,Non-official languages spoken,Ojibway,25160,11985,13180
1,Canada,26.1,Non-official languages spoken,Oji-Cree,10180,4990,5195
1,Canada,26.1,Non-official languages spoken,Carrier,2010,980,1030
1,Canada,26.1,Non-official languages spoken,Dene,12950,6415,6530
1,Canada,26.1,Non-official languages spoken,Tlicho (Dogrib),2385,1165,1220
1,Canada,26.1,Non-official languages spoken,"Slavey, n.o.s.",1815,920,900
1,Canada,26.1,Non-official languages spoken,Stoney,3495,1690,1810
1,Canada,26.1,Non-official languages spoken,Inuktitut,36945,18450,18500
1,Canada,26.1,Non-official languages spoken,Other Aboriginal languages,23460,10990,12470
1,Canada,26.1,Non-official languages spoken,Non-Aboriginal languages,7922260,3804700,4117565
1,Canada,26.1,Non-official languages spoken,Italian,595600,290895,304705
1,Canada,26.1,Non-official languages spoken,Portuguese,266950,131440,135510
1,Canada,26.1,Non-official languages spoken,Romanian,97180,47160,50020
1,Canada,26.1,Non-official languages spoken,Spanish,873395,406290,467105
1,Canada,26.1,Non-official languages spoken,Dutch,135085,65120,69965
1,Canada,26.1,Non-official languages spoken,Flemish,5620,2420,3205
1,Canada,26.1,Non-official languages spoken,German,525480,257855,267630
1,Canada,26.1,Non-official languages spoken,Yiddish,23750,11655,12090
1,Canada,26.1,Non-official languages spoken,Danish,18165,9075,9085
1,Canada,26.1,Non-official languages spoken,Norwegian,8895,4265,4630
1,Canada,26.1,Non-official languages spoken,Swedish,14005,6195,7805
1,Canada,26.1,Non-official languages spoken,Afrikaans,21870,10890,10985
1,Canada,26.1,Non-official languages spoken,Gaelic languages,7195,3470,3725
1,Canada,26.1,Non-official languages spoken,Bosnian,14280,7125,7155
1,Canada,26.1,Non-official languages spoken,Bulgarian,20150,10050,10095
1,Canada,26.1,Non-official languages spoken,Croatian,63445,31450,31990
1,Canada,26.1,Non-official languages spoken,Czech,26640,12685,13960
1,Canada,26.1,Non-official languages spoken,Macedonian,22130,10640,11490
1,Canada,26.1,Non-official languages spoken,Polish,217735,100485,117255
1,Canada,26.1,Non-official languages spoken,Russian,230755,109665,121095
1,Canada,26.1,Non-official languages spoken,Serbian,65335,32645,32685
1,Canada,26.1,Non-official languages spoken,Serbo-Croatian,11640,5765,5875
1,Canada,26.1,Non-official languages spoken,Slovak,19030,8840,10180
1,Canada,26.1,Non-official languages spoken,Slovenian,12290,5645,6645
1,Canada,26.1,Non-official languages spoken,Ukrainian,144260,65090,79175
1,Canada,26.1,Non-official languages spoken,Latvian,6955,3165,3790
1,Canada,26.1,Non-official languages spoken,Lithuanian,8360,3905,4455
1,Canada,26.1,Non-official languages spoken,Greek,150620,76470,74150
1,Canada,26.1,Non-official languages spoken,Armenian,36235,17935,18305
1,Canada,26.1,Non-official languages spoken,Albanian,25675,12960,12715
1,Canada,26.1,Non-official languages spoken,Estonian,6780,2825,3955
1,Canada,26.1,Non-official languages spoken,Finnish,18320,7635,10690
1,Canada,26.1,Non-official languages spoken,Hungarian,73695,35320,38375
1,Canada,26.1,Non-official languages spoken,Turkish,44080,23435,20640
1,Canada,26.1,Non-official languages spoken,Berber languages (Kabyle),7430,4105,3330
1,Canada,26.1,Non-official languages spoken,Oromo,14195,7680,6520
1,Canada,26.1,Non-official languages spoken,Somali,37115,16995,20120
1,Canada,26.1,Non-official languages spoken,Amharic,24285,11960,12330
1,Canada,26.1,Non-official languages spoken,Arabic,470965,249480,221485
1,Canada,26.1,Non-official languages spoken,Hebrew,70695,36145,34545
1,Canada,26.1,Non-official languages spoken,Maltese,7550,3785,3760
1,Canada,26.1,Non-official languages spoken,Tigrigna,11280,5485,5800
1,Canada,26.1,Non-official languages spoken,"Semitic languages, n.i.e.",19975,9865,10115
1,Canada,26.1,Non-official languages spoken,Bengali,69490,35910,33585
1,Canada,26.1,Non-official languages spoken,Gujarati,118950,58755,60195
1,Canada,26.1,Non-official languages spoken,Hindi,335420,170950,164470
1,Canada,26.1,Non-official languages spoken,Konkani,5785,2770,3010
1,Canada,26.1,Non-official languages spoken,Marathi,9695,4870,4820
1,Canada,26.1,Non-official languages spoken,Panjabi (Punjabi),545730,276725,269005
1,Canada,26.1,Non-official languages spoken,Sindhi,15525,7210,8315
1,Canada,26.1,Non-official languages spoken,Sinhala (Sinhalese),23965,12340,11630
1,Canada,26.1,Non-official languages spoken,Urdu,240745,123925,116815
1,Canada,26.1,Non-official languages spoken,Nepali,11450,5905,5550
1,Canada,26.1,Non-official languages spoken,Kurdish,11815,6360,5455
1,Canada,26.1,Non-official languages spoken,Pashto,16515,8755,7755
1,Canada,26.1,Non-official languages spoken,Persian (Farsi),196110,99825,96285
1,Canada,26.1,Non-official languages spoken,"Indo-Iranian languages, n.i.e.",8615,4390,4220
1,Canada,26.1,Non-official languages spoken,Kannada,5210,2715,2490
1,Canada,26.1,Non-official languages spoken,Malayalam,22125,11545,10585
1,Canada,26.1,Non-official languages spoken,Tamil,179465,89375,90090
1,Canada,26.1,Non-official languages spoken,Telugu,12645,6500,6140
1,Canada,26.1,Non-official languages spoken,Japanese,74690,33185,41505
1,Canada,26.1,Non-official languages spoken,Korean,149035,70450,78590
1,Canada,26.1,Non-official languages spoken,Cantonese,472510,221165,251350
1,Canada,26.1,Non-official languages spoken,Fukien,6610,3020,3595
1,Canada,26.1,Non-official languages spoken,Hakka,5345,2385,2965
1,Canada,26.1,Non-official languages spoken,Mandarin,378605,176360,202245
1,Canada,26.1,Non-official languages spoken,Taiwanese,15375,6965,8405
1,Canada,26.1,Non-official languages spoken,"Chinese, n.o.s.",419060,199785,219275
1,Canada,26.1,Non-official languages spoken,Lao,17800,8875,8925
1,Canada,26.1,Non-official languages spoken,Thai,13540,5620,7925
1,Canada,26.1,Non-official languages spoken,Khmer (Cambodian),26580,12910,13670
1,Canada,26.1,Non-official languages spoken,Vietnamese,192070,91755,100315
1,Canada,26.1,Non-official languages spoken,Bisayan languages,19690,7880,11810
1,Canada,26.1,Non-official languages spoken,Ilocano,21880,8465,13410
1,Canada,26.1,Non-official languages spoken,Malay,20715,9870,10850
1,Canada,26.1,Non-official languages spoken,"Tagalog (Pilipino,Filipino)",491075,200365,290705
1,Canada,26.1,Non-official languages spoken,Akan (Twi),19140,9100,10045
1,Canada,26.1,Non-official languages spoken,Lingala,12185,5705,6475
1,Canada,26.1,Non-official languages spoken,Rundi (Kirundi),5860,2875,2980
1,Canada,26.1,Non-official languages spoken,Rwanda (Kinyarwanda),5525,2425,3100
1,Canada,26.1,Non-official languages spoken,Swahili,31690,15785,15910
1,Canada,26.1,Non-official languages spoken,"Bantu languages, n.i.e.",13470,6675,6795
1,Canada,26.1,Non-official languages spoken,"Niger-Congo languages, n.i.e.",29240,15060,14180
1,Canada,26.1,Non-official languages spoken,"African languages, n.i.e.",14135,7660,6480
1,Canada,26.1,Non-official languages spoken,Creoles,128555,58475,70090
1,Canada,26.1,Non-official languages spoken,Other non-Aboriginal languages,133190,62175,71020
1,Canada,26.1,Mobility,Total - Mobility status 1 year ago,32485215,15975755,16509460
1,Canada,26.1,Mobility,Non-movers,28443525,13983135,14460390
1,Canada,26.1,Mobility,Movers,4041690,1992620,2049070
1,Canada,26.1,Mobility,Non-migrants,2380370,1173165,1207205
1,Canada,26.1,Mobility,Migrants,1661325,819460,841860
1,Canada,26.1,Mobility,Internal migrants,1359105,670370,688735
1,Canada,26.1,Mobility,Intraprovincial migrants,1116780,548335,568445
1,Canada,26.1,Mobility,Interprovincial migrants,242325,122040,120290
1,Canada,26.1,Mobility,External migrants,302215,149085,153130
1,Canada,26.1,Mobility,Total - Mobility status 5 years ago,30978630,15204700,15773935
1,Canada,26.1,Mobility,Non-movers,19010730,9329115,9681615
1,Canada,26.1,Mobility,Movers,11967905,5875585,6092320
1,Canada,26.1,Mobility,Non-migrants,6467765,3172140,3295620
1,Canada,26.1,Mobility,Migrants,5500140,2703435,2796700
1,Canada,26.1,Mobility,Internal migrants,4297735,2115465,2182270
1,Canada,26.1,Mobility,Intraprovincial migrants,3442065,1683045,1759020
1,Canada,26.1,Mobility,Interprovincial migrants,855670,432415,423250
1,Canada,26.1,Mobility,External migrants,1202405,587980,614430
1,Canada,26.1,Education,"Total population aged 15 years and over by highest certificate, diploma or degree",27259525,13295350,13964175
1,Canada,26.1,Education,"No certificate, diploma or degree",5485400,2742875,2742520
1,Canada,26.1,Education,High school diploma or equivalent,6968935,3305415,3663515
1,Canada,26.1,Education,"Postsecondary certificate, diploma or degree",14805190,7247050,7558135
1,Canada,26.1,Education,Apprenticeship or trades certificate or diploma,2950685,1928970,1021715
1,Canada,26.1,Education,"College, CEGEP or other non-university certificate or diploma",4970020,2118430,2851595
1,Canada,26.1,Education,University certificate or diploma below bachelor level,1200130,513235,686890
1,Canada,26.1,Education,"University certificate, diploma or degree at bachelor level or above",5684360,2686425,2997935
1,Canada,26.1,Education,Bachelor's degree,3634425,1643080,1991345
1,Canada,26.1,Education,"University certificate, diploma or degree above bachelor level",2049930,1043350,1006585
1,Canada,26.1,Education,"Total population aged 25 to 64 years by highest certificate, diploma or degree",18383920,8984385,9399535
1,Canada,26.1,Education,"No certificate, diploma or degree",2330580,1238845,1091735
1,Canada,26.1,Education,High school diploma or equivalent,4270665,2049355,2221305
1,Canada,26.1,Education,"Postsecondary certificate, diploma or degree",11782685,5696190,6086495
1,Canada,26.1,Education,Apprenticeship or trades certificate or diploma,2218805,1435395,783410
1,Canada,26.1,Education,"College, CEGEP or other non-university certificate or diploma",3913710,1674815,2238895
1,Canada,26.1,Education,University certificate or diploma below bachelor level,894745,385980,508765
1,Canada,26.1,Education,"University certificate, diploma or degree at bachelor level or above",4755420,2200000,2555420
1,Canada,26.1,Education,Bachelor's degree,3032220,1358970,1673260
1,Canada,26.1,Education,"University certificate, diploma or degree above bachelor level",1723195,841035,882165
1,Canada,26.1,Education,Total population aged 15 years and over by major field of study - Classification of Instructional Programs (CIP) 2011,27259525,13295355,13964170
1,Canada,26.1,Education,"No postsecondary certificate, diploma or degree",12454330,6048300,6406035
1,Canada,26.1,Education,Education,1109460,275765,833695
1,Canada,26.1,Education,"Visual and performing arts, and communications technologies",548630,254785,293845
1,Canada,26.1,Education,Humanities,821590,326875,494720
1,Canada,26.1,Education,Social and behavioural sciences and law,1497755,512790,984965
1,Canada,26.1,Education,"Business, management and public administration",3187570,1188985,1998590
1,Canada,26.1,Education,Physical and life sciences and technologies,554675,291870,262810
1,Canada,26.1,Education,"Mathematics, computer and information sciences",601705,380200,221505
1,Canada,26.1,Education,"Architecture, engineering, and related technologies",3193975,2929940,264035
1,Canada,26.1,Education,"Agriculture, natural resources and conservation",326230,220390,105840
1,Canada,26.1,Education,Health and related fields,2060605,393035,1667565
1,Canada,26.1,Education,"Personal, protective and transportation services",900005,471700,428300
1,Canada,26.1,Education,Other fields of study,2990,725,2270
1,Canada,26.1,Education,Total population aged 15 years and over by location of study compared with province or territory of residence,27259525,13295350,13964170
1,Canada,26.1,Education,"No postsecondary certificate, diploma or degree",12454335,6048300,6406035
1,Canada,26.1,Education,"With postsecondary certificate, diploma or degree",14805195,7247055,7558135
1,Canada,26.1,Education,Location of study inside Canada,12404675,6034100,6370575
1,Canada,26.1,Education,Same as province or territory of residence,10920860,5283600,5637260
1,Canada,26.1,Education,Another province or territory,1483815,750500,733315
1,Canada,26.1,Education,Location of study outside Canada,2400520,1212955,1187565
1,Canada,26.1,Language used most often at work,Total population aged 15 years and over by language used most often at work,19133310,9920580,9212725
1,Canada,26.1,Language used most often at work,Single responses,18705455,9703220,9002230
1,Canada,26.1,Language used most often at work,English,14622905,7610350,7012555
1,Canada,26.1,Language used most often at work,French,3831530,1963645,1867885
1,Canada,26.1,Language used most often at work,Non-official languages,251015,129225,121790
1,Canada,26.1,Language used most often at work,"Chinese, n.o.s.",45465,24070,21390
1,Canada,26.1,Language used most often at work,Cantonese,36840,18540,18305
1,Canada,26.1,Language used most often at work,Panjabi (Punjabi),25050,13505,11540
1,Canada,26.1,Language used most often at work,Mandarin,22490,12060,10430
1,Canada,26.1,Language used most often at work,Spanish,12880,6640,6240
1,Canada,26.1,Language used most often at work,Korean,11520,6070,5455
1,Canada,26.1,Language used most often at work,German,10870,6085,4785
1,Canada,26.1,Language used most often at work,Cree languages,7945,4100,3840
1,Canada,26.1,Language used most often at work,Portuguese,7855,4925,2920
1,Canada,26.1,Language used most often at work,Inuktitut,7270,3535,3735
1,Canada,26.1,Language used most often at work,Other languages,62840,29690,33150
1,Canada,26.1,Language used most often at work,Multiple responses,427855,217360,210495
1,Canada,26.1,Language used most often at work,English and French,317135,162430,154710
1,Canada,26.1,Language used most often at work,English and non-official language,94100,46725,47375
1,Canada,26.1,Language used most often at work,French and non-official language,5180,2420,2755
1,Canada,26.1,Language used most often at work,"English, French and non-official language",11440,5785,5655
1,Canada,26.1,Language used most often at work,Total population aged 15 years and over by language used most often at work,19133305,9920580,9212725
1,Canada,26.1,Language used most often at work,English,14622900,7610350,7012550
1,Canada,26.1,Language used most often at work,French,3831530,1963645,1867885
1,Canada,26.1,Language used most often at work,Non-official language,251015,129220,121795
1,Canada,26.1,Language used most often at work,Aboriginal,23825,11990,11830
1,Canada,26.1,Language used most often at work,Non-Aboriginal,227195,117235,109960
1,Canada,26.1,Language used most often at work,English and French,317135,162425,154710
1,Canada,26.1,Language used most often at work,English and non-official language,94100,46725,47370
1,Canada,26.1,Language used most often at work,French and non-official language,5180,2420,2760
1,Canada,26.1,Language used most often at work,"English, French and non-official language",11440,5785,5655
1,Canada,26.1,Labour force status,Total population aged 15 years and over by labour force status,27259525,13295350,13964170
1,Canada,26.1,Labour force status,In the labour force,17990080,9388570,8601515
1,Canada,26.1,Labour force status,Employed,16595035,8634310,7960725
1,Canada,26.1,Labour force status,Unemployed,1395045,754255,640790
1,Canada,26.1,Labour force status,Not in the labour force,9269445,3906785,5362660
1,Canada,26.1,Labour force status,Participation rate,66,70.6,61.6
1,Canada,26.1,Labour force status,Employment rate,60.9,64.9,57
1,Canada,26.1,Labour force status,Unemployment rate,7.8,8,7.4
1,Canada,26.1,Class of worker,Total labour force aged 15 years and over by class of worker,17990080,9388570,8601510
1,Canada,26.1,Class of worker,Class of worker - not applicable,402470,197390,205075
1,Canada,26.1,Class of worker,All classes of worker,17587615,9191175,8396435
1,Canada,26.1,Class of worker,Employee,15660620,7957490,7703130
1,Canada,26.1,Class of worker,Self-employed,1926990,1233685,693310
1,Canada,26.1,Occupation,Total labour force population aged 15 years and over by occupation - National Occupational Classification (NOC) 2011,17990080,9388570,8601515
1,Canada,26.1,Occupation,Occupation - not applicable,402470,197395,205075
1,Canada,26.1,Occupation,All occupations,17587610,9191175,8396440
1,Canada,26.1,Occupation,0 Management occupations,1963600,1229460,734140
1,Canada,26.1,Occupation,"1 Business, finance and administration occupations",2902045,854190,2047855
1,Canada,26.1,Occupation,2 Natural and applied sciences and related occupations,1237775,966355,271415
1,Canada,26.1,Occupation,3 Health occupations,1107200,217520,889675
1,Canada,26.1,Occupation,"4 Occupations in education, law and social, community and government services",2064675,676550,1388130
1,Canada,26.1,Occupation,"5 Occupations in art, culture, recreation and sport",503415,232535,270875
1,Canada,26.1,Occupation,6 Sales and service occupations,4068170,1745705,2322465
1,Canada,26.1,Occupation,"7 Trades, transport and equipment operators and related occupations",2537775,2385615,152165
1,Canada,26.1,Occupation,"8 Natural resources, agriculture and related production occupations",397930,318945,78980
1,Canada,26.1,Occupation,9 Occupations in manufacturing and utilities,805040,564300,240740
1,Canada,26.1,Industry,Total labour force population aged 15 years and over by industry - North American Industry Classification System (NAICS) 2007,17990085,9388570,8601510
1,Canada,26.1,Industry,Industry - not applicable,402470,197395,205075
1,Canada,26.1,Industry,All industries,17587615,9191175,8396440
1,Canada,26.1,Industry,"11 Agriculture, forestry, fishing and hunting",437650,307370,130285
1,Canada,26.1,Industry,"21 Mining, quarrying, and oil and gas extraction",261050,211690,49360
1,Canada,26.1,Industry,22 Utilities,149940,110765,39175
1,Canada,26.1,Industry,23 Construction,1215380,1068710,146670
1,Canada,26.1,Industry,31-33 Manufacturing,1619295,1167680,451615
1,Canada,26.1,Industry,41 Wholesale trade,733445,494545,238900
1,Canada,26.1,Industry,44-45 Retail trade,2031665,933850,1097820
1,Canada,26.1,Industry,48-49 Transportation and warehousing,827780,617305,210475
1,Canada,26.1,Industry,51 Information and cultural industries,420830,235875,184955
1,Canada,26.1,Industry,52 Finance and insurance,767960,296995,470960
1,Canada,26.1,Industry,53 Real estate and rental and leasing,321895,179090,142805
1,Canada,26.1,Industry,"54 Professional, scientific and technical services",1240850,688625,552225
1,Canada,26.1,Industry,55 Management of companies and enterprises,17460,9380,8075
1,Canada,26.1,Industry,"56 Administrative and support, waste management and remediation services",728330,411250,317085
1,Canada,26.1,Industry,61 Educational services,1301435,424915,876515
1,Canada,26.1,Industry,62 Health care and social assistance,1949650,349430,1600220
1,Canada,26.1,Industry,"71 Arts, entertainment and recreation",363405,188270,175135
1,Canada,26.1,Industry,72 Accommodation and food services,1130750,469990,660760
1,Canada,26.1,Industry,81 Other services (except public administration),807800,372940,434865
1,Canada,26.1,Industry,91 Public administration,1261050,652510,608535
1,Canada,26.1,Work activity,Total labour force aged 15 years and over by work activity in 2010,17990080,9388565,8601515
1,Canada,26.1,Work activity,Did not work in 2010,931000,448820,482180
1,Canada,26.1,Work activity,Worked in 2010,17059080,8939750,8119330
1,Canada,26.1,Work activity,1 to 13 weeks,866690,412100,454590
1,Canada,26.1,Work activity,14 to 26 weeks,1412115,708945,703165
1,Canada,26.1,Work activity,27 to 39 weeks,1096050,574025,522020
1,Canada,26.1,Work activity,40 to 48 weeks,2744755,1415130,1329625
1,Canada,26.1,Work activity,49 to 52 weeks,10939470,5829550,5109925
1,Canada,26.1,Work activity,Average weeks worked in 2010,44.5,44.9,44.2
1,Canada,26.1,Full-time or part-time weeks worked,Total labour force population aged 15 years and over by full-time or part-time weeks worked_in 2010,17990080,9388570,8601510
1,Canada,26.1,Full-time or part-time weeks worked,Did not work in 2010,931000,448820,482185
1,Canada,26.1,Full-time or part-time weeks worked,Worked in 2010,17059080,8939750,8119330
1,Canada,26.1,Full-time or part-time weeks worked,Worked full-time in 2010,13672295,7738995,5933300
1,Canada,26.1,Full-time or part-time weeks worked,Worked part-time in 2010,3386785,1200755,2186035
1,Canada,26.1,Place of work status,Total employed population aged 15 years and over by place of work status,16595035,8634310,7960725
1,Canada,26.1,Place of work status,Worked at home,1142640,582150,560490
1,Canada,26.1,Place of work status,Worked outside Canada,66460,47355,19100
1,Canada,26.1,Place of work status,No fixed workplace address,1868245,1400485,467760
1,Canada,26.1,Place of work status,Worked at usual place,13517690,6604325,6913370
1,Canada,26.1,Mode of transportation,Total employed population aged 15 years and over with a usual place of work or no fixed workplace address by mode of transportation,15385935,8004810,7381125
1,Canada,26.1,Mode of transportation,"Car, truck or van - as a driver",11393140,6238835,5154305
1,Canada,26.1,Mode of transportation,"Car, truck or van - as a passenger",867050,349530,517520
1,Canada,26.1,Mode of transportation,Public transit,1851525,788290,1063235
1,Canada,26.1,Mode of transportation,Walked,880815,387580,493230
1,Canada,26.1,Mode of transportation,Bicycle,201780,135840,65940
1,Canada,26.1,Mode of transportation,Other methods,191625,104725,86900
1,Canada,26.1,Median commuting duration,Total employed population aged 15 years and over with a usual place of work or no fixed workplace address by median commuting duration,15385940,8004810,7381130
1,Canada,26.1,Median commuting duration,Median commuting duration,20.5,20.7,20.2
1,Canada,26.1,Time leaving for work,Total employed population aged 15 years and over by time leaving for work,15385940,8004810,7381130
1,Canada,26.1,Time leaving for work,Between 5 and 6:59 a.m.,3763245,2494975,1268265
1,Canada,26.1,Time leaving for work,Between 7 and 9:00 a.m.,8589130,3994550,4594585
1,Canada,26.1,Time leaving for work,Anytime after 9:00 a.m.,3033565,1515285,1518280
1,Canada,26.1,Occupied private dwelling characteristics,Total number of occupied private dwellings by condition of dwelling,13319250,,
1,Canada,26.1,Occupied private dwelling characteristics,Only regular maintenance or minor repairs needed,12337050,,
1,Canada,26.1,Occupied private dwelling characteristics,Major repairs needed,982200,,
1,Canada,26.1,Occupied private dwelling characteristics,Total number of occupied private dwellings by period of construction,13319255,,
1,Canada,26.1,Occupied private dwelling characteristics,1960 or before,3273105,,
1,Canada,26.1,Occupied private dwelling characteristics,1961 to 1980,4152715,,
1,Canada,26.1,Occupied private dwelling characteristics,1981 to 1990,2112110,,
1,Canada,26.1,Occupied private dwelling characteristics,1991 to 2000,1707880,,
1,Canada,26.1,Occupied private dwelling characteristics,2001 to 2005,1031020,,
1,Canada,26.1,Occupied private dwelling characteristics,2006 to 2011,1042430,,
1,Canada,26.1,Occupied private dwelling characteristics,Total number of occupied private dwellings by number of rooms,13319250,,
1,Canada,26.1,Occupied private dwelling characteristics,1 to 4 rooms,3629460,,
1,Canada,26.1,Occupied private dwelling characteristics,5 rooms,2074865,,
1,Canada,26.1,Occupied private dwelling characteristics,6 rooms,1908835,,
1,Canada,26.1,Occupied private dwelling characteristics,7 rooms,1726740,,
1,Canada,26.1,Occupied private dwelling characteristics,8 or more rooms,3979350,,
1,Canada,26.1,Occupied private dwelling characteristics,Average number of rooms per dwelling,6.3,,
1,Canada,26.1,Occupied private dwelling characteristics,Total number of occupied private dwellings by number of bedrooms,13319250,,
1,Canada,26.1,Occupied private dwelling characteristics,0 to 1 bedroom,1948220,,
1,Canada,26.1,Occupied private dwelling characteristics,2 bedrooms,3334910,,
1,Canada,26.1,Occupied private dwelling characteristics,3 bedrooms,4740660,,
1,Canada,26.1,Occupied private dwelling characteristics,4 or more bedrooms,3295465,,
1,Canada,26.1,Household characteristics,Total number of private households by tenure,13319250,,
1,Canada,26.1,Household characteristics,Owner,9185845,,
1,Canada,26.1,Household characteristics,Renter,4078225,,
1,Canada,26.1,Household characteristics,Band housing,55180,,
1,Canada,26.1,Household characteristics,Total number of private households by condominium status,13319250,,
1,Canada,26.1,Household characteristics,Part of a condominium development,1615485,,
1,Canada,26.1,Household characteristics,Not part of a condominium development,11703765,,
1,Canada,26.1,Household characteristics,Total number of private households by number of household maintainers,13319250,,
1,Canada,26.1,Household characteristics,1 household maintainer,7981845,,
1,Canada,26.1,Household characteristics,2 household maintainers,5059390,,
1,Canada,26.1,Household characteristics,3 or more household maintainers,278010,,
1,Canada,26.1,Household characteristics,Total number of private households by age group of primary household maintainers,13319250,,
1,Canada,26.1,Household characteristics,Under 25 years,458910,,
1,Canada,26.1,Household characteristics,25 to 34 years,1912825,,
1,Canada,26.1,Household characteristics,35 to 44 years,2388765,,
1,Canada,26.1,Household characteristics,45 to 54 years,3023350,,
1,Canada,26.1,Household characteristics,55 to 64 years,2560680,,
1,Canada,26.1,Household characteristics,65 to 74 years,1620080,,
1,Canada,26.1,Household characteristics,75 years and over,1354635,,
1,Canada,26.1,Household characteristics,Total number of private households by number of persons per room,13319255,,
1,Canada,26.1,Household characteristics,One person or fewer per room,13049830,,
1,Canada,26.1,Household characteristics,More than one person per room,269425,,
1,Canada,26.1,Household characteristics,Total number of private households by housing suitability,13319250,,
1,Canada,26.1,Household characteristics,Suitable,12525660,,
1,Canada,26.1,Household characteristics,Not suitable,793585,,
1,Canada,26.1,Shelter costs,"Total number of owner and tenant households with household total income greater than zero, in non-farm, non-reserve private dwellings by shelter-cost-to-income ratio",13049255,,
1,Canada,26.1,Shelter costs,Spending less than 30% of household total income on shelter costs,9763275,,
1,Canada,26.1,Shelter costs,Spending 30% or more of household total income on shelter costs,3285980,,
1,Canada,26.1,Shelter costs,Spending 30% to less than 100% of household total income on shelter costs,2699045,,
1,Canada,26.1,Shelter costs,"Number of owner households in non-farm, non-reserve private dwellings",9013410,,
1,Canada,26.1,Shelter costs,% of owner households with a mortgage,58.6,,
1,Canada,26.1,Shelter costs,% of owner households spending 30% or more of household total income on shelter costs,18.5,,
1,Canada,26.1,Shelter costs,Median monthly shelter costs for owned dwellings ($),978,,
1,Canada,26.1,Shelter costs,Average monthly shelter costs for owned dwellings ($),1141,,
1,Canada,26.1,Shelter costs,Median value of dwellings ($),280552,,
1,Canada,26.1,Shelter costs,Average value of dwellings ($),345182,,
1,Canada,26.1,Shelter costs,"Number of tenant households in non-farm, non-reserve private dwellings",4060385,,
1,Canada,26.1,Shelter costs,% of tenant households in subsidized housing,13.7,,
1,Canada,26.1,Shelter costs,% of tenant households spending 30% or more of household total income on shelter costs,40.1,,
1,Canada,26.1,Shelter costs,Median monthly shelter costs for rented dwellings ($),784,,
1,Canada,26.1,Shelter costs,Average monthly shelter costs for rented dwellings ($),848,,
1,Canada,26.1,Income of individuals in 2010,Total income in 2010 of population aged 15 years and over,27259520,13295350,13964170
1,Canada,26.1,Income of individuals in 2010,Without income,1341015,580700,760320
1,Canada,26.1,Income of individuals in 2010,With income,25918505,12714650,13203855
1,Canada,26.1,Income of individuals in 2010,"Under $5,000",2574080,1235710,1338365
1,Canada,26.1,Income of individuals in 2010,"$5,000 to $9,999",1917960,700655,1217310
1,Canada,26.1,Income of individuals in 2010,"$10,000 to $14,999",2393830,911390,1482440
1,Canada,26.1,Income of individuals in 2010,"$15,000 to $19,999",2441880,953490,1488385
1,Canada,26.1,Income of individuals in 2010,"$20,000 to $29,999",3670020,1588260,2081760
1,Canada,26.1,Income of individuals in 2010,"$30,000 to $39,999",3180360,1522190,1658170
1,Canada,26.1,Income of individuals in 2010,"$40,000 to $49,999",2603520,1333510,1270010
1,Canada,26.1,Income of individuals in 2010,"$50,000 to $59,999",1921650,1079780,841870
1,Canada,26.1,Income of individuals in 2010,"$60,000 to $79,999",2437440,1473145,964300
1,Canada,26.1,Income of individuals in 2010,"$80,000 to $99,999",1302045,823720,478330
1,Canada,26.1,Income of individuals in 2010,"$100,000 and over",1475715,1092805,382910
1,Canada,26.1,Income of individuals in 2010,"$100,000 to $124,999",693580,492905,200680
1,Canada,26.1,Income of individuals in 2010,"$125,000 and over",782135,599905,182230
1,Canada,26.1,Income of individuals in 2010,Median income ($),29878,36211,24606
1,Canada,26.1,Income of individuals in 2010,Average income ($),40650,48594,33000
1,Canada,26.1,Income of individuals in 2010,After-tax income in 2010 of population 15 years and over,27259525,13295355,13964175
1,Canada,26.1,Income of individuals in 2010,Without after-tax income,1344645,580760,763885
1,Canada,26.1,Income of individuals in 2010,With after-tax income,25914880,12714595,13200285
1,Canada,26.1,Income of individuals in 2010,"Under $5,000",2628615,1249795,1378815
1,Canada,26.1,Income of individuals in 2010,"$5,000 to $9,999",1960365,707595,1252770
1,Canada,26.1,Income of individuals in 2010,"$10,000 to $14,999",2453170,938990,1514185
1,Canada,26.1,Income of individuals in 2010,"$15,000 to $19,999",2654470,1050265,1604205
1,Canada,26.1,Income of individuals in 2010,"$20,000 to $29,999",4341540,1936660,2404885
1,Canada,26.1,Income of individuals in 2010,"$30,000 to $39,999",3790600,1884990,1905610
1,Canada,26.1,Income of individuals in 2010,"$40,000 to $49,999",2816630,1542605,1274025
1,Canada,26.1,Income of individuals in 2010,"$50,000 to $59,999",1849630,1099280,750345
1,Canada,26.1,Income of individuals in 2010,"$60,000 to $79,999",2028080,1277340,750740
1,Canada,26.1,Income of individuals in 2010,"$80,000 to $99,999",709185,502455,206730
1,Canada,26.1,Income of individuals in 2010,"$100,000 and over",682605,524615,157985
1,Canada,26.1,Income of individuals in 2010,Median after-tax income ($),27334,32434,23080
1,Canada,26.1,Income of individuals in 2010,Average after-tax income ($),33998,39716,28490
1,Canada,26.1,Income of individuals in 2010,Composition of total income in 2010 of population 15 years and over (%),100,100,100
1,Canada,26.1,Income of individuals in 2010,Market income (%),87.6,90.8,83.1
1,Canada,26.1,Income of individuals in 2010,Employment income (%),74.7,77.7,70.4
1,Canada,26.1,Income of individuals in 2010,Wages and salaries (%),70.3,72.6,66.9
1,Canada,26.1,Income of individuals in 2010,Self-employment income (%),4.4,5,3.5
1,Canada,26.1,Income of individuals in 2010,Investment income (%),4.6,4.5,4.8
1,Canada,26.1,Income of individuals in 2010,"Retirement pensions, superannuation and annuities (%)",6.7,7.1,6.1
1,Canada,26.1,Income of individuals in 2010,Other money income (%),1.7,1.5,1.8
1,Canada,26.1,Income of individuals in 2010,Government transfer payments (%),12.4,9.2,16.9
1,Canada,26.1,Income of individuals in 2010,Canada/Quebec Pension Plan benefits (%),3.5,3,4.1
1,Canada,26.1,Income of individuals in 2010,Old Age Security pensions and Guaranteed Income Supplement (%),3.1,2.2,4.3
1,Canada,26.1,Income of individuals in 2010,Employment Insurance benefits (%),1.8,1.5,2.1
1,Canada,26.1,Income of individuals in 2010,Child benefits (%),1.5,0.1,3.5
1,Canada,26.1,Income of individuals in 2010,Other income from government sources (%),2.6,2.4,2.8
1,Canada,26.1,Income of individuals in 2010,Income taxes paid as a % of total income,16.4,18.3,13.7
1,Canada,26.1,Income of individuals in 2010,After-tax income as a % of total income,83.6,81.7,86.3
1,Canada,26.1,Income of individuals in 2010,Net capital gains or losses as a % of total income,1.9,2.1,1.6
1,Canada,26.1,Income of individuals in 2010,"Population aged 15 years and over who worked full year, full time and with employment income in 2010",9473490,5318585,4154905
1,Canada,26.1,Income of individuals in 2010,Median employment income in 2010 ($),47868,53046,42181
1,Canada,26.1,Income of individuals in 2010,Average employment income in 2010 ($),58129,65400,48820
1,Canada,26.1,Income of individuals in 2010,Family income in 2010 of economic families,9254165,,
1,Canada,26.1,Income of individuals in 2010,Median family income ($),76511,,
1,Canada,26.1,Income of individuals in 2010,Average family income ($),94125,,
1,Canada,26.1,Income of individuals in 2010,Median after-tax family income ($),67044,,
1,Canada,26.1,Income of individuals in 2010,Average after-tax family income ($),78517,,
1,Canada,26.1,Income of individuals in 2010,Average family size,3,,
1,Canada,26.1,Income of individuals in 2010,Couple-only economic families,3469550,,
1,Canada,26.1,Income of individuals in 2010,Median family income ($),68340,,
1,Canada,26.1,Income of individuals in 2010,Average family income ($),84831,,
1,Canada,26.1,Income of individuals in 2010,Median after-tax family income ($),59975,,
1,Canada,26.1,Income of individuals in 2010,Average after-tax family income ($),70562,,
1,Canada,26.1,Income of individuals in 2010,Average family size,2,,
1,Canada,26.1,Income of individuals in 2010,Couple-with-children economic families,4139655,,
1,Canada,26.1,Income of individuals in 2010,Median family income ($),97270,,
1,Canada,26.1,Income of individuals in 2010,Average family income ($),115282,,
1,Canada,26.1,Income of individuals in 2010,Median after-tax family income ($),83801,,
1,Canada,26.1,Income of individuals in 2010,Average after-tax family income ($),95284,,
1,Canada,26.1,Income of individuals in 2010,Average family size,4,,
1,Canada,26.1,Income of individuals in 2010,Lone-parent economic families,1335435,,
1,Canada,26.1,Income of individuals in 2010,Median family income ($),45163,,
1,Canada,26.1,Income of individuals in 2010,Average family income ($),55519,,
1,Canada,26.1,Income of individuals in 2010,Median after-tax family income ($),42401,,
1,Canada,26.1,Income of individuals in 2010,Average after-tax family income ($),48930,,
1,Canada,26.1,Income of individuals in 2010,Average family size,2.6,,
1,Canada,26.1,Income of individuals in 2010,Income in 2010 of population aged 15 years and over not in economic families,4903505,2362280,2541225
1,Canada,26.1,Income of individuals in 2010,Median total income ($),28018,31348,25351
1,Canada,26.1,Income of individuals in 2010,Average total income ($),37225,40675,34019
1,Canada,26.1,Income of individuals in 2010,Median after-tax income ($),25761,28197,23917
1,Canada,26.1,Income of individuals in 2010,Average after-tax income ($),31497,33751,29401
1,Canada,26.1,Income of individuals in 2010,Total population by decile of adjusted after-tax family income,32852325,16163115,16689210
1,Canada,26.1,Income of individuals in 2010,In bottom half of the Canadian distribution,16426160,7822780,8603385
1,Canada,26.1,Income of individuals in 2010,In bottom decile,3285210,1584875,1700335
1,Canada,26.1,Income of individuals in 2010,In second decile,3285275,1455385,1829895
1,Canada,26.1,Income of individuals in 2010,In third decile,3285180,1558660,1726520
1,Canada,26.1,Income of individuals in 2010,In fourth decile,3285265,1601990,1683280
1,Canada,26.1,Income of individuals in 2010,In fifth decile,3285230,1621875,1663355
1,Canada,26.1,Income of individuals in 2010,In top half of the Canadian distribution,16426165,8340335,8085825
1,Canada,26.1,Income of individuals in 2010,In sixth decile,3285215,1639560,1645655
1,Canada,26.1,Income of individuals in 2010,In seventh decile,3285250,1655430,1629820
1,Canada,26.1,Income of individuals in 2010,In eighth decile,3285235,1668260,1616975
1,Canada,26.1,Income of individuals in 2010,In ninth decile,3285230,1678940,1606290
1,Canada,26.1,Income of individuals in 2010,In top decile,3285235,1698140,1587090
1,Canada,26.1,Income of households in 2010,Household total income in 2010 of private households,13319255,,
1,Canada,26.1,Income of households in 2010,"Under $5,000",361615,,
1,Canada,26.1,Income of households in 2010,"$5,000 to $9,999",265090,,
1,Canada,26.1,Income of households in 2010,"$10,000 to $14,999",447540,,
1,Canada,26.1,Income of households in 2010,"$15,000 to $19,999",694405,,
1,Canada,26.1,Income of households in 2010,"$20,000 to $29,999",1193925,,
1,Canada,26.1,Income of households in 2010,"$30,000 to $39,999",1271675,,
1,Canada,26.1,Income of households in 2010,"$40,000 to $49,999",1206800,,
1,Canada,26.1,Income of households in 2010,"$50,000 to $59,999",1102120,,
1,Canada,26.1,Income of households in 2010,"$60,000 to $79,999",1865280,,
1,Canada,26.1,Income of households in 2010,"$80,000 to $99,999",1458240,,
1,Canada,26.1,Income of households in 2010,"$100,000 to $124,999",1260770,,
1,Canada,26.1,Income of households in 2010,"$125,000 to $149,999",802555,,
1,Canada,26.1,Income of households in 2010,"$150,000 and over",1389240,,
1,Canada,26.1,Income of households in 2010,After-tax income of households in 2010 of private households,13319255,,
1,Canada,26.1,Income of households in 2010,"Under $5,000",370285,,
1,Canada,26.1,Income of households in 2010,"$5,000 to $9,999",267880,,
1,Canada,26.1,Income of households in 2010,"$10,000 to $14,999",456275,,
1,Canada,26.1,Income of households in 2010,"$15,000 to $19,999",728385,,
1,Canada,26.1,Income of households in 2010,"$20,000 to $29,999",1360815,,
1,Canada,26.1,Income of households in 2010,"$30,000 to $39,999",1494520,,
1,Canada,26.1,Income of households in 2010,"$40,000 to $49,999",1442790,,
1,Canada,26.1,Income of households in 2010,"$50,000 to $59,999",1278415,,
1,Canada,26.1,Income of households in 2010,"$60,000 to $79,999",2092915,,
1,Canada,26.1,Income of households in 2010,"$80,000 to $99,999",1437320,,
1,Canada,26.1,Income of households in 2010,"$100,000 and over",2389655,,
1,Canada,26.1,Income of households in 2010,"$100,000 to $124,999",1088175,,
1,Canada,26.1,Income of households in 2010,"$125,000 and over",1301475,,
1,Canada,26.1,Income of households in 2010,Household income in 2010 of private households,13319255,,
1,Canada,26.1,Income of households in 2010,Median household total income ($),61072,,
1,Canada,26.1,Income of households in 2010,Average household total income ($),79102,,
1,Canada,26.1,Income of households in 2010,Median after-tax household income ($),54089,,
1,Canada,26.1,Income of households in 2010,Average after-tax household income ($),66149,,
1,Canada,26.1,Income of households in 2010,One-person private households,3662800,,
1,Canada,26.1,Income of households in 2010,Median household total_income ($),30534,,
1,Canada,26.1,Income of households in 2010,Average household total_income ($),40054,,
1,Canada,26.1,Income of households in 2010,Median after-tax household income ($),27733,,
1,Canada,26.1,Income of households in 2010,Average after-tax household income ($),33702,,
1,Canada,26.1,Income of households in 2010,Two-or-more-persons private households,9656450,,
1,Canada,26.1,Income of households in 2010,Median household total_income ($),76437,,
1,Canada,26.1,Income of households in 2010,Average household total_income ($),93913,,
1,Canada,26.1,Income of households in 2010,Median after-tax household income ($),67036,,
1,Canada,26.1,Income of households in 2010,Average after-tax household income ($),78456,,
1,Canada,26.1,Income of individuals in 2010,Population in private households for income status,32386170,15927865,16458305
1,Canada,26.1,Income of individuals in 2010,Less than 18 years,6726315,3458525,3267790
1,Canada,26.1,Income of individuals in 2010,Less than 6 years,2181280,1114675,1066605
1,Canada,26.1,Income of individuals in 2010,18 to 64 years,21141920,10401950,10739975
1,Canada,26.1,Income of individuals in 2010,65 years and over,4517930,2067390,2450545
1,Canada,26.1,Income of individuals in 2010,In low income in 2010 based on after-tax low-income measure (LIM-AT),4812120,2219010,2593110
1,Canada,26.1,Income of individuals in 2010,Less than 18 years,1162785,597105,565680
1,Canada,26.1,Income of individuals in 2010,Less than 6 years,394595,201770,192825
1,Canada,26.1,Income of individuals in 2010,18 to 64 years,3044390,1415865,1628525
1,Canada,26.1,Income of individuals in 2010,65 years and over,604940,206040,398900
1,Canada,26.1,Income of individuals in 2010,Prevalence of low income in 2010 based on after-tax low-income measure (%),14.9,13.9,15.8
1,Canada,26.1,Income of individuals in 2010,Less than 18 years (%),17.3,17.3,17.3
1,Canada,26.1,Income of individuals in 2010,Less than 6 years (%),18.1,18.1,18.1
1,Canada,26.1,Income of individuals in 2010,18 to 64 years (%),14.4,13.6,15.2
1,Canada,26.1,Income of individuals in 2010,65 years and over (%),13.4,10,16.3